id	lang	theme	kind	polarity	stem	choices	correct	explanation	source_ref	source_url	source_as_of	image
q-binnenvaartbesluit-nl-binnenvaartbesluit-3c20e014	nl	algemene_bepalingen	definition_mc	affirmative	Wat verstaat het Binnenvaartbesluit onder een duwboot?	Een schip dat is bestemd of wordt gebruikt voor het duwen van schepen en niet bestemd is voor het zelfstandig vervoeren van goederen | Een schip dat is bestemd voor het slepen van schepen | Een drijvend bouwsel met permanente ligplaats voor de levering van brandstof	A	Binnenvaartbesluit artikel 1: duwboot is een schip dat is bestemd of wordt gebruikt voor het duwen van schepen en niet bestemd is voor het zelfstandig vervoeren van goederen.	Binnenvaartbesluit Artikel 1	https://wetten.overheid.nl/BWBR0025631	2025-06-01	
q-binnenvaartbesluit-nl-binnenvaartbesluit-bcc5f881	nl	algemene_bepalingen	definition_mc	affirmative	Wat verstaat het Binnenvaartbesluit onder de lengte van een schip?	De grootste lengte van de scheepsromp in meters, het roer en de boegspriet niet inbegrepen | De afstand tussen de loodlijnen van het schip | De grootste lengte inclusief het roer en de boegspriet	A	Binnenvaartbesluit artikel 1: lengte is de grootste lengte van de scheepsromp in meters, het roer en de boegspriet niet inbegrepen.	Binnenvaartbesluit Artikel 1	https://wetten.overheid.nl/BWBR0025631	2025-06-01	
q-binnenvaartwet-nl-binnenvaartwetartikel1-12777171	nl	algemene_bepalingen	definition_mc	affirmative	Wat verstaat de Binnenvaartwet onder binnenwateren?	Wateren die in Nederland zijn gelegen binnen een langs de Nederlandse kust gaande, bij ministeriële regeling aan te wijzen lijn | Alle wateren binnen de territoriale zee van Nederland | Uitsluitend de rivieren en kanalen in beheer bij het Rijk	A	Binnenvaartwet artikel 1: binnenwateren zijn wateren die in Nederland zijn gelegen binnen een langs de Nederlandse kust gaande, bij ministeriële regeling aan te wijzen lijn.	Binnenvaartwet Artikel 1	https://wetten.overheid.nl/BWBR0023009	2025-06-01	
q-binnenvaartwet-nl-binnenvaartwetartikel1-bc0178de	nl	algemene_bepalingen	definition_mc	affirmative	Wie is volgens de Binnenvaartwet een bemanningslid?	Ieder die zich als schipper, stuurman, machinist, matroos of deksman aan boord van een schip bevindt | Uitsluitend de schipper en de stuurman | Iedere passagier die meehelpt bij het meren	A	Binnenvaartwet artikel 1: bemanningslid is ieder die zich als schipper, stuurman, machinist, volmatroos, matroos-motordrijver, matroos, lichtmatroos, lid van het veiligheidspersoneel of deksman aan boord bevindt.	Binnenvaartwet Artikel 1	https://wetten.overheid.nl/BWBR0023009	2025-06-01	
q-bpr-nl-binnenvaartpolitiereglementartike-0f45323a	nl	algemene_bepalingen	definition_mc	affirmative	Waar staat welke scheepsbescheiden aan boord aanwezig moeten zijn?	In bijlage 13 van het reglement | In bijlage 7 van het reglement | In het Handboek voor de radiocommunicatie in de binnenvaart	A	BPR artikel 1.10, eerste lid: aan boord moeten de in bijlage 13 bedoelde scheepsbescheiden en andere documenten aanwezig zijn.	Binnenvaartpolitiereglement Artikel 1.10	https://wetten.overheid.nl/BWBR0003628	2026-06-17	
q-bpr-nl-binnenvaartpolitiereglementartike-1350e11b	nl	algemene_bepalingen	definition_mc	affirmative	Moet de schipper tijdens de vaart aan boord zijn?	Ja, de schipper moet tijdens de vaart aan boord zijn | Nee, hij mag het schip vanaf de wal aansturen | Alleen wanneer het schip een groot schip is	A	BPR artikel 1.02, vierde lid: de schipper moet tijdens de vaart aan boord zijn; de schipper van een drijvend werktuig ook wanneer het werktuig in bedrijf is.	Binnenvaartpolitiereglement Artikel 1.02	https://wetten.overheid.nl/BWBR0003628	2026-06-17	
q-bpr-nl-binnenvaartpolitiereglementartike-14ec46f2	nl	algemene_bepalingen	definition_mc	affirmative	Wie is verantwoordelijk voor de naleving van de bepalingen van het BPR?	De schipper, tenzij uit die bepalingen blijkt dat de naleving aan anderen is opgedragen | De eigenaar van het schip in alle gevallen | De bevoegde autoriteit van het vaargebied	A	BPR artikel 1.02, tweede lid: de schipper is verantwoordelijk voor de naleving van de bepalingen van dit reglement, tenzij daaruit blijkt dat de naleving aan anderen is opgedragen.	Binnenvaartpolitiereglement Artikel 1.02	https://wetten.overheid.nl/BWBR0003628	2026-06-17	
q-bpr-nl-binnenvaartpolitiereglementartike-1b905606	nl	algemene_bepalingen	definition_mc	affirmative	Welke minimumleeftijd geldt voor het sturen van een snelle motorboot?	18 jaar | 16 jaar | 12 jaar	A	BPR artikel 1.09, eerste lid onder a: voor het sturen van een snelle motorboot geldt een minimumleeftijd van 18 jaar.	Binnenvaartpolitiereglement Artikel 1.09	https://wetten.overheid.nl/BWBR0003628	2026-06-17	
q-bpr-nl-binnenvaartpolitiereglementartike-1c199ec4	nl	algemene_bepalingen	definition_mc	negative	Wat mag een schip niet doen met een verkeersteken?	Het gebruiken om daaraan te meren of te verhalen, het beschadigen of het ongeschikt maken voor zijn bestemming | Het fotograferen vanaf het water | Het passeren aan de zijde waar het is aangebracht	A	BPR artikel 1.13, eerste lid: een schip mag verkeerstekens niet gebruiken om daaraan te meren of te verhalen, ze niet beschadigen en ze niet ongeschikt voor hun bestemming maken.	Binnenvaartpolitiereglement Artikel 1.13	https://wetten.overheid.nl/BWBR0003628	2026-06-17	
q-bpr-nl-binnenvaartpolitiereglementartike-21613444	nl	algemene_bepalingen	definition_mc	affirmative	Wat is volgens het BPR een groot schip?	Een schip niet zijnde een klein schip | Elk schip met een lengte van meer dan 40 m | Elk schip dat bedrijfsmatig goederen vervoert	A	BPR artikel 1.01 onder A, 3°: een groot schip is een schip niet zijnde een klein schip.	Binnenvaartpolitiereglement Artikel 1.01	https://wetten.overheid.nl/BWBR0003628	2026-06-17	
q-bpr-nl-binnenvaartpolitiereglementartike-2b06ba7d	nl	algemene_bepalingen	definition_mc	affirmative	Wat is volgens het BPR een klein schip?	Een schip waarvan de lengte minder dan 20 m bedraagt, zulks met uitzondering van een schip dat een groot schip sleept, assisteert, duwt of langszijde vastgemaakt meevoert, een passagiersschip, een veerpont die vaart op een vaarweg van klasse II of hoger, een vissersschip en een duwbak | Een schip waarvan de lengte minder dan 15 m bedraagt | Een schip waarvan de lengte minder dan 25 m bedraagt	A	BPR artikel 1.01, onder A, 4°: een klein schip is een schip waarvan de lengte minder dan 20 m bedraagt, zulks met uitzondering van een schip dat een groot schip sleept, assisteert, duwt of langszijde vastgemaakt meevoert, een passagiersschip, een veerpont op een vaarweg van klasse II of hoger, een vissersschip en een duwbak.	Binnenvaartpolitiereglement Artikel 1.01	https://wetten.overheid.nl/BWBR0003628	2026-06-17	
q-bpr-nl-binnenvaartpolitiereglementartike-2fb40c21	nl	algemene_bepalingen	definition_mc	affirmative	Wie moet de aanwijzingen opvolgen die de schipper geeft in het belang van de veiligheid van de scheepvaart?	Ieder ander die zich aan boord van het schip bevindt | Uitsluitend de leden van de bemanning | Uitsluitend de eigenaar van het schip	A	BPR artikel 1.03, tweede lid: ieder ander die zich aan boord bevindt moet de aanwijzingen opvolgen die de schipper geeft in het belang van de veiligheid van de scheepvaart of van de goede orde aan boord.	Binnenvaartpolitiereglement Artikel 1.03	https://wetten.overheid.nl/BWBR0003628	2026-06-17	
q-bpr-nl-binnenvaartpolitiereglementartike-3e4b1131	nl	algemene_bepalingen	definition_mc	affirmative	Aan wie moeten de scheepsbescheiden op verzoek worden overhandigd?	Aan de ambtenaren belast met toezicht of opsporing van de bevoegde autoriteit | Aan iedere schipper die erom vraagt | Uitsluitend aan de eigenaar van het schip	A	BPR artikel 1.10, eerste lid: de bescheiden moeten op verzoek worden overhandigd aan de ambtenaren belast met toezicht of opsporing van de bevoegde autoriteit.	Binnenvaartpolitiereglement Artikel 1.10	https://wetten.overheid.nl/BWBR0003628	2026-06-17	
q-bpr-nl-binnenvaartpolitiereglementartike-54f03822	nl	algemene_bepalingen	definition_mc	affirmative	Onder welke voorwaarde mogen werkzaamheden buiten boord worden uitgevoerd?	Uitsluitend bij stilliggende schepen en uitsluitend indien van de overige scheepvaart geen gevaar te verwachten valt | Uitsluitend tijdens de vaart met verminderde snelheid | Uitsluitend met toestemming van de bevoegde autoriteit	A	BPR artikel 1.08, tweede lid: werkzaamheden buiten boord mogen uitsluitend bij stilliggende schepen worden uitgevoerd en alleen als van de overige scheepvaart geen gevaar te verwachten valt.	Binnenvaartpolitiereglement Artikel 1.08	https://wetten.overheid.nl/BWBR0003628	2026-06-17	
q-bpr-nl-binnenvaartpolitiereglementartike-618f73f3	nl	algemene_bepalingen	definition_mc	affirmative	Welke kentekens moeten ingevolge artikel 2.02, eerste lid, op een klein schip zijn aangebracht?	Hetzij de naam van het schip of een kenspreuk, hetzij de naam van de instelling waaraan het schip toebehoort, alsmede de naam en de woonplaats van de eigenaar op een in het oog vallende plaats | Uitsluitend een registratienummer aan de buitenzijde | Uitsluitend de naam van de verzekeraar	A	BPR artikel 2.02, eerste lid, onder a en b: naam van het schip (of kenspreuk, dan wel de naam van de instelling) aan de buitenzijde, en naam en woonplaats van de eigenaar op een in het oog vallende plaats. Het derde lid verklaart het eerste lid niet van toepassing op snelle motorboten met het registratieteken van artikel 8.02, door spierkracht voortbewogen schepen en zeilschepen korter dan 7 m.	Binnenvaartpolitiereglement Artikel 2.02	https://wetten.overheid.nl/BWBR0003628	2026-06-17	
q-bpr-nl-binnenvaartpolitiereglementartike-69a9b4a9	nl	algemene_bepalingen	definition_mc	affirmative	Wat moet de schipper doen als het reglement geen uitdrukkelijk voorschrift geeft?	Alle voorzorgsmaatregelen nemen die volgens goede zeemanschap of door de omstandigheden zijn geboden | De vaart staken tot de bevoegde autoriteit een aanwijzing geeft | De regels van het Rijnvaartpolitiereglement toepassen	A	BPR artikel 1.04: de schipper moet, ook bij ontbreken van uitdrukkelijke voorschriften, alle voorzorgsmaatregelen nemen die volgens goede zeemanschap of door de omstandigheden zijn geboden.	Binnenvaartpolitiereglement Artikel 1.04	https://wetten.overheid.nl/BWBR0003628	2026-06-17	
q-bpr-nl-binnenvaartpolitiereglementartike-7581fd22	nl	algemene_bepalingen	definition_mc	affirmative	Welk kenteken volstaat op een bijboot van een schip?	Een kenteken waaruit kan worden opgemaakt wie de eigenaar is | De volledige naam en woonplaats van de eigenaar in Latijnse letters | Een registratieteken zoals voor snelle motorboten	A	BPR artikel 2.02, tweede lid: op een bijboot behoeft slechts een kenteken te zijn aangebracht waaruit kan worden opgemaakt wie de eigenaar is.	Binnenvaartpolitiereglement Artikel 2.02	https://wetten.overheid.nl/BWBR0003628	2026-06-17	
q-bpr-nl-binnenvaartpolitiereglementartike-9d76aa6d	nl	algemene_bepalingen	definition_mc	affirmative	Wanneer moeten opvarenden van een schip bestemd voor bedrijfsmatig vervoer een reddingsvest dragen?	Bij het van of aan boord gaan als er gevaar voor in het water vallen bestaat, bij verblijf in de bijboot en bij werkzaamheden buiten boord | Uitsluitend bij slecht zicht | Uitsluitend tijdens het schutten in een sluis	A	BPR artikel 1.08, eerste lid: reddingsvesten moeten onder meer worden gedragen bij het van of aan boord gaan met gevaar voor in het water vallen, bij verblijf in de bijboot en bij werkzaamheden buiten boord.	Binnenvaartpolitiereglement Artikel 1.08	https://wetten.overheid.nl/BWBR0003628	2026-06-17	
q-bpr-nl-binnenvaartpolitiereglementartike-cb7e9c84	nl	algemene_bepalingen	definition_mc	affirmative	Wat moet de schipper doen als zijn schip een voorwerp verliest waardoor gevaar voor de scheepvaart kan ontstaan?	Onverwijld kennis geven aan de dichtstbijzijnde bevoegde autoriteit en zo nauwkeurig mogelijk de plaats aangeven | Het voorwerp binnen 24 uur zelf bergen zonder melding | Het verlies pas aan het einde van de reis melden	A	BPR artikel 1.12, derde lid: de schipper moet onverwijld kennis geven aan de dichtstbijzijnde bevoegde autoriteit en daarbij zo nauwkeurig mogelijk de plaats aangeven waar het voorwerp is verloren.	Binnenvaartpolitiereglement Artikel 1.12	https://wetten.overheid.nl/BWBR0003628	2026-06-17	
q-bpr-nl-binnenvaartpolitiereglementartike-ccba092f	nl	algemene_bepalingen	definition_mc	affirmative	Wat moet de schipper doen als hij een verkeersteken heeft verplaatst of beschadigd?	Onverwijld kennis geven aan de dichtstbijzijnde bevoegde autoriteit | Het teken zelf herstellen en niets melden | De melding binnen dertig dagen schriftelijk doen	A	BPR artikel 1.13, tweede lid: de schipper moet daarvan onverwijld kennis geven aan de dichtstbijzijnde bevoegde autoriteit.	Binnenvaartpolitiereglement Artikel 1.13	https://wetten.overheid.nl/BWBR0003628	2026-06-17	
q-bpr-nl-binnenvaartpolitiereglementartike-cef366b2	nl	algemene_bepalingen	definition_mc	affirmative	Welke minimumleeftijd geldt voor het sturen van een klein open motorschip met een lengte van minder dan 7 m waarvan de hoogst bereikbare snelheid niet meer is dan 13 km per uur?	12 jaar | 16 jaar | 18 jaar	A	BPR artikel 1.09, eerste lid onder c: voor zo'n klein open motorschip geldt een minimumleeftijd van 12 jaar.	Binnenvaartpolitiereglement Artikel 1.09	https://wetten.overheid.nl/BWBR0003628	2026-06-17	
q-bpr-nl-binnenvaartpolitiereglementartike-db74b81a	nl	algemene_bepalingen	definition_mc	affirmative	Wat moet een schip doen met een anker waarvan geen gebruik wordt gemaakt?	Het anker geheel voorhalen | Het anker op de bodem laten liggen | Het anker aan een boei bevestigen	A	BPR artikel 1.12, tweede lid: een schip moet een anker waarvan geen gebruik wordt gemaakt geheel voorhalen.	Binnenvaartpolitiereglement Artikel 1.12	https://wetten.overheid.nl/BWBR0003628	2026-06-17	
q-rpr-nl-rijnvaartpolitiereglement1995arti-1d249994	nl	algemene_bepalingen	definition_mc	affirmative	Wat moet aan boord van een schip op de Rijn aanwezig zijn, met uitzondering van een klein schip en een duwbak?	Een bijgewerkt exemplaar van het reglement, eventueel elektronisch raadpleegbaar | Een papieren waterkaart van de gehele Rijn | Een exemplaar van het Binnenvaartpolitiereglement	A	RPR artikel 1.11, eerste lid: aan boord moet een bijgewerkt exemplaar van dit reglement aanwezig zijn; een elektronisch exemplaar dat op ieder moment geraadpleegd kan worden is eveneens toegestaan.	Rijnvaartpolitiereglement 1995 Artikel 1.11	https://wetten.overheid.nl/BWBR0006923	2026-06-17	
q-rpr-nl-rijnvaartpolitiereglement1995arti-5d5482ee	nl	algemene_bepalingen	definition_mc	affirmative	Wat moet een lid van de bemanning doen ten aanzien van de aanwijzingen van de schipper?	De aanwijzingen opvolgen die de schipper binnen de grenzen van diens verantwoordelijkheid geeft en meewerken aan de naleving van het reglement | De aanwijzingen uitsluitend opvolgen wanneer zij schriftelijk zijn gegeven | De aanwijzingen alleen opvolgen bij slecht zicht	A	RPR artikel 1.03, eerste lid: een bemanningslid moet de aanwijzingen van de schipper opvolgen en meewerken aan de naleving van dit reglement.	Rijnvaartpolitiereglement 1995 Artikel 1.03	https://wetten.overheid.nl/BWBR0006923	2026-06-17	
q-rpr-nl-rijnvaartpolitiereglement1995arti-5effdc3a	nl	algemene_bepalingen	definition_mc	affirmative	Welk gevolg moet de schipper op de Rijn krachtens de algemene plicht tot waakzaamheid mede voorkomen?	Dat het milieu in ernstige mate kan worden beïnvloed | Dat het schip te laat op zijn bestemming aankomt | Dat het schip brandstof verbruikt boven het gemiddelde	A	RPR artikel 1.04 onder d: de schipper moet mede voorkomen dat het milieu in ernstige mate kan worden beïnvloed.	Rijnvaartpolitiereglement 1995 Artikel 1.04	https://wetten.overheid.nl/BWBR0006923	2026-06-17	
q-rpr-nl-rijnvaartpolitiereglement1995arti-5fc47a2d	nl	algemene_bepalingen	definition_mc	affirmative	Voor welke schepen geldt die leeftijdsvoorwaarde niet?	Voor kleine schepen zonder motor | Voor alle kleine schepen | Voor veerponten	A	RPR artikel 1.09, tweede lid: de voorwaarde aangaande de leeftijd geldt niet voor kleine schepen zonder motor.	Rijnvaartpolitiereglement 1995 Artikel 1.09	https://wetten.overheid.nl/BWBR0006923	2026-06-17	
q-rpr-nl-rijnvaartpolitiereglement1995arti-79268131	nl	algemene_bepalingen	definition_mc	affirmative	Wat is volgens het RPR een duwstel?	Een hecht samenstel van schepen waarvan er ten minste één is geplaatst vóór het motorschip dat dient voor het voortbewegen van het samenstel | Een samenstel van schepen dat door één of meer motorschepen wordt gesleept | Twee schepen die langszijde van elkaar zijn vastgemaakt	A	RPR artikel 1.01 onder e: een duwstel is een hecht samenstel van schepen waarvan er ten minste één vóór het voortbewegende motorschip is geplaatst.	Rijnvaartpolitiereglement 1995 Artikel 1.01	https://wetten.overheid.nl/BWBR0006923	2026-06-17	
q-rpr-nl-rijnvaartpolitiereglement1995arti-8cdbc32c	nl	algemene_bepalingen	definition_mc	affirmative	Wie is nog meer verantwoordelijk voor de naleving van het reglement?	Ieder die zich aan boord bevindt en tijdelijk zelfstandig de koers en de snelheid van het schip bepaalt | Uitsluitend de eigenaar van het schip | Uitsluitend de bevoegde autoriteit	A	RPR artikel 1.03, derde lid: een bemanningslid en ieder ander die tijdelijk zelfstandig de koers en de snelheid bepaalt is eveneens verantwoordelijk voor de naleving van dit reglement.	Rijnvaartpolitiereglement 1995 Artikel 1.03	https://wetten.overheid.nl/BWBR0006923	2026-06-17	
q-rpr-nl-rijnvaartpolitiereglement1995arti-9666162f	nl	algemene_bepalingen	definition_mc	affirmative	Wat is de schipper verplicht wanneer een schip in zijn nabijheid door een ongeval is getroffen waarbij personen gevaar lopen?	Onverwijld bijstand te verlenen, voor zover dit met de veiligheid van zijn eigen schip is te verenigen | Uitsluitend de positie van het getroffen schip door te geven | Af te wachten tot een reddingsvaartuig ter plaatse is	A	RPR artikel 1.16, tweede lid: de schipper is verplicht onverwijld bijstand te verlenen, voor zover dit met de veiligheid van zijn schip is te verenigen.	Rijnvaartpolitiereglement 1995 Artikel 1.16	https://wetten.overheid.nl/BWBR0006923	2026-06-17	
q-rpr-nl-rijnvaartpolitiereglement1995arti-a1e97de3	nl	algemene_bepalingen	definition_mc	affirmative	Welke minimumleeftijd geldt op de Rijn voor de persoon die het roer bedient?	16 jaar | 18 jaar | 12 jaar	A	RPR artikel 1.09, eerste lid: tijdens de vaart moet het roer worden bediend door ten minste één daartoe bekwaam persoon die de leeftijd van 16 jaar heeft bereikt.	Rijnvaartpolitiereglement 1995 Artikel 1.09	https://wetten.overheid.nl/BWBR0006923	2026-06-17	
q-rpr-nl-rijnvaartpolitiereglement1995arti-e15a41c7	nl	algemene_bepalingen	definition_mc	affirmative	Waaruit blijkt op de Rijn dat de schipper de vereiste bekwaamheid bezit?	Uit een geldig kwalificatiecertificaat schipper overeenkomstig het Reglement betreffende het Scheepvaartpersoneel op de Rijn | Uit een verklaring van de eigenaar van het schip | Uit een aantekening in het scheepsdagboek	A	RPR artikel 1.02, eerste lid: de schipper wordt geacht de vereiste bekwaamheid te hebben indien hij houder is van een geldig kwalificatiecertificaat schipper overeenkomstig het Reglement betreffende het Scheepvaartpersoneel op de Rijn.	Rijnvaartpolitiereglement 1995 Artikel 1.02	https://wetten.overheid.nl/BWBR0006923	2026-06-17	
q-rpr-nl-rijnvaartpolitiereglement1995arti-eeb9dde7	nl	algemene_bepalingen	definition_mc	affirmative	Wat is volgens het RPR een sleep?	Een samenstel van één of meer schepen, drijvende inrichtingen of drijvende voorwerpen dat door één of meer motorschepen wordt gesleept | Een hecht samenstel waarbij een schip vóór het motorschip is geplaatst | Een schip dat langszijde van een ander schip is vastgemaakt	A	RPR artikel 1.01 onder d: een sleep is een samenstel van één of meer schepen, drijvende inrichtingen of drijvende voorwerpen dat door één of meer motorschepen wordt gesleept.	Rijnvaartpolitiereglement 1995 Artikel 1.01	https://wetten.overheid.nl/BWBR0006923	2026-06-17	
q-rpr-nl-rijnvaartpolitiereglement1995arti-f0fbc4eb	nl	algemene_bepalingen	definition_mc	affirmative	Wat moet de schipper doen bij een ongeval dat de opvarenden van zijn schip in gevaar brengt?	Alle hem ten dienste staande middelen tot hun redding aanwenden | Uitsluitend de bevoegde autoriteit waarschuwen en wachten | Het schip zo snel mogelijk naar de dichtstbijzijnde haven brengen	A	RPR artikel 1.16, eerste lid: bij een ongeval dat de opvarenden in gevaar brengt moet de schipper alle hem ten dienste staande middelen tot hun redding aanwenden.	Rijnvaartpolitiereglement 1995 Artikel 1.16	https://wetten.overheid.nl/BWBR0006923	2026-06-17	
q-vaststellingsbesluitbpr-nl-vaststellings-b2cdbfa5	nl	algemene_bepalingen	definition_mc	negative	Op welke vaarwegen geldt het Binnenvaartpolitiereglement níét?	Op de Boven-Rijn, de Waal, het Pannerdensch Kanaal, de Neder-Rijn en de Lek | Op het IJsselmeer en het Markermeer | Op alle kanalen in beheer bij het Rijk	A	Vaststellingsbesluit BPR artikel 2, eerste lid onder a: het BPR geldt niet op de Boven-Rijn, de Waal, het Pannerdensch Kanaal, de Neder-Rijn en de Lek.	Vaststellingsbesluit Binnenvaartpolitiereglement Artikel 2	https://wetten.overheid.nl/BWBR0003627	2025-01-01	
q-vaststellingsbesluitbpr-nl-vaststellings-f2ac6770	nl	algemene_bepalingen	definition_mc	affirmative	Welk zeegat is eveneens uitgezonderd van het toepassingsgebied van het BPR?	De Westerschelde met haar mondingen | Het IJsselmeer met het Markermeer | De Waddenzee met het Eemskanaal	A	Vaststellingsbesluit BPR artikel 2, eerste lid onder c: de Westerschelde met haar mondingen valt buiten het toepassingsgebied van het BPR.	Vaststellingsbesluit Binnenvaartpolitiereglement Artikel 2	https://wetten.overheid.nl/BWBR0003627	2025-01-01	
q-bpr-nl-binnenvaartpolitiereglementartike-1fc5da68	nl	bijzondere_vaarwegen	rule_mc	affirmative	Op welke vaarwegen en havens is hoofdstuk 10 van het BPR van toepassing?	Op de vaarwegen en havens genoemd in bijlage 11, waarbij onder een haven ook een laad- of losplaats is begrepen | Op alle zeehavens langs de Nederlandse kust | Op de vaarwegen genoemd in bijlage 15	A	BPR artikel 10.01: dit hoofdstuk is van toepassing op de vaarwegen en havens genoemd in bijlage 11; onder een haven is een laad- of losplaats begrepen.	Binnenvaartpolitiereglement Artikel 10.01	https://wetten.overheid.nl/BWBR0003628	2026-06-17	
q-bpr-nl-binnenvaartpolitiereglementartike-3abc749e	nl	bijzondere_vaarwegen	rule_mc	negative	Wat is verboden op de voor de doorgaande vaart bestemde gedeelten van de in bijlage 16 opgenomen vaarwegen?	Varen met een zeilplank | Varen met een klein motorschip | Varen met een roeiboot	A	BPR artikel 9.05, eerste lid: op de voor de doorgaande vaart bestemde gedeelten van de in bijlage 16 opgenomen vaarwegen is het verboden te varen met een zeilplank.	Binnenvaartpolitiereglement Artikel 9.05	https://wetten.overheid.nl/BWBR0003628	2026-06-17	
q-bpr-nl-binnenvaartpolitiereglementartike-4e5b1fc1	nl	bijzondere_vaarwegen	rule_mc	affirmative	Op welke vaarwegen is hoofdstuk 9 van het BPR van toepassing?	Op de in het Vaststellingsbesluit bedoelde vaarwegen voor zover deze in beheer zijn bij het Rijk, en op de in bijlage 10 vermelde vaarwegen | Op alle Nederlandse binnenwateren zonder uitzondering | Uitsluitend op de vaarwegen die in beheer zijn bij de provincies	A	BPR artikel 9.01: dit hoofdstuk geldt op de in artikel 2 van het Vaststellingsbesluit bedoelde vaarwegen voor zover in beheer bij het Rijk, en op de in bijlage 10 vermelde vaarwegen.	Binnenvaartpolitiereglement Artikel 9.01	https://wetten.overheid.nl/BWBR0003628	2026-06-17	
q-bpr-nl-binnenvaartpolitiereglementartike-6d97147f	nl	bijzondere_vaarwegen	rule_mc	negative	Is het op die vaarwegen toegestaan het vaarwater op te kruisen?	Nee, opkruisen is daar niet toegestaan | Ja, mits het schip de stuurboordszijde aanhoudt | Ja, mits het schip een zeilschip is	A	BPR artikel 9.04, derde lid: op de in het eerste lid bedoelde vaarwegen is het niet toegestaan het vaarwater op te kruisen.	Binnenvaartpolitiereglement Artikel 9.04	https://wetten.overheid.nl/BWBR0003628	2026-06-17	
q-bpr-nl-binnenvaartpolitiereglementartike-8906ae26	nl	bijzondere_vaarwegen	rule_mc	affirmative	Aan welke motoreis moet een klein schip voldoen op de in bijlage 15, onder a, vermelde vaarwegen?	Het moet zijn voorzien van een motor die voor onmiddellijk gebruik gereed is en waarmee ten minste 6 kilometer per uur ten opzichte van het water kan worden gehandhaafd | Het moet zijn voorzien van een motor van ten minste 10 kilowatt | Het moet zijn voorzien van een motor waarmee ten minste 20 kilometer per uur kan worden gehaald	A	BPR artikel 9.04, eerste lid: op de in bijlage 15, onder a, vermelde vaarwegen mag een klein schip slechts varen indien het is voorzien van een motor die voor onmiddellijk gebruik gereed is en waarmee een snelheid van ten minste 6 kilometer per uur ten opzichte van het water kan worden gehandhaafd.	Binnenvaartpolitiereglement Artikel 9.04	https://wetten.overheid.nl/BWBR0003628	2026-06-17	
q-bpr-nl-binnenvaartpolitiereglementartike-9c1e2e0a	nl	bijzondere_vaarwegen	rule_mc	negative	Wat mag een schip op een gedeelte van de vaarweg waar ligplaats nemen is toegestaan niet doen zonder toestemming van de bevoegde autoriteit?	Aan herstelwerkzaamheden worden onderworpen, laden of lossen | De motor laten draaien om de accu te laden | Meer dan één nacht blijven liggen	A	BPR artikel 9.03, tweede lid: zonder toestemming van de bevoegde autoriteit mag daar niet aan herstelwerkzaamheden worden onderworpen, worden geladen of gelost, of naar de atmosfeer worden geventileerd.	Binnenvaartpolitiereglement Artikel 9.03	https://wetten.overheid.nl/BWBR0003628	2026-06-17	
q-bpr-nl-binnenvaartpolitiereglementartike-b64267e0	nl	bijzondere_vaarwegen	rule_mc	affirmative	Wat geldt in afwijking van hoofdstuk 6 ten opzichte van een bovenmaats zeegaand schip?	Een schip is verplicht aan een bovenmaats zeegaand schip voorrang te verlenen | Een bovenmaats zeegaand schip verleent voorrang aan alle binnenschepen | De gewone vaarregels van hoofdstuk 6 blijven onverkort gelden	A	BPR artikel 10.08, eerste lid: in afwijking van hoofdstuk 6 is een schip verplicht aan een bovenmaats zeegaand schip voorrang te verlenen.	Binnenvaartpolitiereglement Artikel 10.08	https://wetten.overheid.nl/BWBR0003628	2026-06-17	
q-bpr-nl-binnenvaartpolitiereglementartike-c3251881	nl	bijzondere_vaarwegen	rule_mc	negative	Wat is volgens artikel 9.05 verder verboden?	Varen met een door een vlieger voortbewogen plank of klein schip | Varen met een zeilschip zonder motor | Varen met een bijboot van een groot schip	A	BPR artikel 9.05, tweede lid: het is verboden te varen met een door een vlieger voortbewogen plank of klein schip; de bevoegde autoriteit kan vaarwegen aanwijzen waar dit overdag niet geldt.	Binnenvaartpolitiereglement Artikel 9.05	https://wetten.overheid.nl/BWBR0003628	2026-06-17	
q-bpr-nl-binnenvaartpolitiereglementartike-edf83c76	nl	bijzondere_vaarwegen	rule_mc	affirmative	Welke bijkomende tekens voert een varend bovenmaats zeegaand schip?	's Nachts drie rode rondom schijnende lichten in een verticale lijn en overdag een zwarte cilinder | 's Nachts drie groene rondom schijnende lichten en overdag een zwarte bol | 's Nachts twee blauwe lichten en overdag een blauwe kegel	A	BPR artikel 10.03: een varend bovenmaats zeegaand schip voert 's nachts drie rode rondom schijnende lichten in een verticale lijn en overdag een zwarte cilinder.	Binnenvaartpolitiereglement Artikel 10.03	https://wetten.overheid.nl/BWBR0003628	2026-06-17	
q-bpr-nl-binnenvaartpolitiereglementartike-f1d3ad08	nl	bijzondere_vaarwegen	rule_mc	affirmative	Waar luistert een groot schip van een door de bevoegde autoriteit aangegeven categorie uit?	Op de in bijlage 9 en bijlage 10 genoemde vaarwegen, op het door de bevoegde autoriteit aangewezen marifoonkanaal | Uitsluitend op kanaal 16 op alle vaarwegen | Uitsluitend in havens en op wachtplaatsen	A	BPR artikel 9.07, tweede lid: zo'n groot schip luistert op de in bijlage 9 en bijlage 10 genoemde vaarwegen uit op het door de bevoegde autoriteit aangewezen marifoonkanaal.	Binnenvaartpolitiereglement Artikel 9.07	https://wetten.overheid.nl/BWBR0003628	2026-06-17	
q-rpr-nl-rijnvaartpolitiereglement1995arti-6da95342	nl	bijzondere_vaarwegen	rule_mc	affirmative	Hoe moeten een opvarend en een afvarend schip elkaar ontmoeten op de riviergedeelten waarvoor RPR artikel 9.04 geldt?	Zij moeten zo ver stuurboord houden als nodig is om zonder gevaar bakboord op bakboord voorbij te varen | Zij moeten zo ver bakboord houden als nodig is om stuurboord op stuurboord voorbij te varen | Het afvarende schip bepaalt in alle gevallen de zijde van het voorbijvaren	A	RPR artikel 9.04, tweede lid: in afwijking van artikel 6.04 moeten beide schepen zo ver stuurboord houden als nodig is om bakboord op bakboord voorbij te varen.	Rijnvaartpolitiereglement 1995 Artikel 9.04	https://wetten.overheid.nl/BWBR0006923	2026-06-17	
q-bpr-nl-binnenvaartpolitiereglementartike-3e65735b	nl	geluidsseinen	rule_mc	affirmative	Hoe lang moet een schip een reeks klokslagen ongeveer laten duren?	Ongeveer vier seconden | Ongeveer tien seconden | Ongeveer dertig seconden	A	BPR artikel 4.01, vijfde lid: een schip moet een reeks klokslagen ongeveer vier seconden doen duren.	Binnenvaartpolitiereglement Artikel 4.01	https://wetten.overheid.nl/BWBR0003628	2026-06-17	
q-bpr-nl-binnenvaartpolitiereglementartike-6388a0c4	nl	geluidsseinen	rule_mc	affirmative	Waarvoor mag een schip zijn geluidsinstallatie, scheepstoeter of hoorn gebruiken?	Voor de geluidsseinen welke in het reglement worden vermeld en onder de omstandigheden die daarin zijn voorzien, en voor het wisselen van berichten met andere schepen of met de wal, mits dit geen verwarring met die seinen kan veroorzaken | Voor elk sein dat de schipper op dat moment nuttig acht | Alleen bij verminderd zicht en verder nooit	A	BPR artikel 4.03: het eerste lid beperkt het gebruik tot de in het reglement vermelde geluidsseinen onder de daarin voorziene omstandigheden; het tweede lid staat gebruik voor het wisselen van berichten met andere schepen of met de wal toe, mits zonder verwarring.	Binnenvaartpolitiereglement Artikel 4.03	https://wetten.overheid.nl/BWBR0003628	2026-06-17	
q-bpr-nl-binnenvaartpolitiereglementartike-6b98236f	nl	geluidsseinen	rule_mc	affirmative	Onder welke voorwaarde mag een schip de geluidsinstallatie gebruiken om berichten te wisselen met andere schepen of met de wal?	Mits hierdoor geen verwarring kan ontstaan met de in het reglement vermelde geluidsseinen | Alleen wanneer de marifoon aan boord defect is | Alleen met toestemming van de bevoegde autoriteit	A	BPR artikel 4.03, tweede lid: berichten wisselen met de geluidsinstallatie mag, mits hierdoor geen verwarring kan ontstaan met de vermelde geluidsseinen.	Binnenvaartpolitiereglement Artikel 4.03	https://wetten.overheid.nl/BWBR0003628	2026-06-17	
q-bpr-nl-binnenvaartpolitiereglementartike-bcf505f9	nl	geluidsseinen	rule_mc	affirmative	Wat moet een groot motorschip gelijktijdig met een geluidssein tonen?	Een geel helder rondom schijnend lichtsein | Een rood flikkerend lichtsein aan bakboord | Een blauw bord met een wit flikkerend licht	A	BPR artikel 4.01, tweede lid: een groot motorschip toont gelijktijdig met een geluidssein een geel helder rondom schijnend lichtsein; dit geldt niet voor klokslagen.	Binnenvaartpolitiereglement Artikel 4.01	https://wetten.overheid.nl/BWBR0003628	2026-06-17	
q-bpr-nl-binnenvaartpolitiereglementartike-c8351660	nl	geluidsseinen	rule_mc	negative	Welke geluidsseinen mag een klein schip volgens het BPR niet geven?	De manoeuvreerseinen, vermeld in de afdelingen B, C, D en E van bijlage 6 | Het attentiesein uit afdeling A van bijlage 6 | Het mistsein uit afdeling G van bijlage 6	A	BPR artikel 4.02, derde lid: een klein schip mag niet de manoeuvreerseinen geven die zijn vermeld in de afdelingen B, C, D en E van bijlage 6.	Binnenvaartpolitiereglement Artikel 4.02	https://wetten.overheid.nl/BWBR0003628	2026-06-17	
q-bpr-nl-binnenvaartpolitiereglementartike-c90c2375	nl	geluidsseinen	rule_mc	affirmative	Welke geluidsseinen moet een klein schip ter voorkoming van aanvaring zo nodig geven?	Het attentiesein, het sein «Ik kan niet manoeuvreren» en zo nodig het noodsein | Alle manoeuvreerseinen die voor een groot schip zijn voorgeschreven | Uitsluitend het mistsein	A	BPR artikel 4.02, tweede lid: een klein schip moet zo nodig het attentiesein, het sein «Ik kan niet manoeuvreren» en zo nodig het noodsein geven.	Binnenvaartpolitiereglement Artikel 4.02	https://wetten.overheid.nl/BWBR0003628	2026-06-17	
q-bpr-nl-binnenvaartpolitiereglementartike-06bf6028	nl	ligplaats	rule_mc	affirmative	Wat betekent het teken A.6 langs de vaarweg?	Ankeren en het gebruik van spudpalen zijn verboden aan de zijde waar het teken is aangebracht | Meren is verboden aan de zijde waar het teken is aangebracht | Ligplaats nemen is toegestaan aan de zijde waar het teken is aangebracht	A	BPR artikel 7.03, eerste lid onder b: in een vak aangeduid door het teken A.6 mogen een schip, een drijvend voorwerp en een drijvende inrichting niet ankeren en geen spudpalen gebruiken.	Binnenvaartpolitiereglement Artikel 7.03	https://wetten.overheid.nl/BWBR0003628	2026-06-17	
q-bpr-nl-binnenvaartpolitiereglementartike-18ea3733	nl	ligplaats	rule_mc	affirmative	Wat betekent het teken E.6 op een gedeelte van de vaarweg waar ankeren is verboden?	Daar mag toch worden geankerd, aan de zijde waar het teken is aangebracht | Daar mag toch worden gemeerd, aan de zijde waar het teken is aangebracht | Daar mogen spudpalen worden gebruikt maar niet worden geankerd	A	BPR artikel 7.03, tweede lid: waar ankeren verboden is, mag toch worden geankerd in een vak aangeduid door het teken E.6, aan de zijde waar het teken is aangebracht.	Binnenvaartpolitiereglement Artikel 7.03	https://wetten.overheid.nl/BWBR0003628	2026-06-17	
q-bpr-nl-binnenvaartpolitiereglementartike-1ded87bd	nl	ligplaats	rule_mc	affirmative	Binnen welke afstand mag een schip geen ligplaats nemen van een schip dat de tekens van artikel 3.14, derde lid voert?	Binnen 100 m | Binnen 10 m | Binnen 25 m	A	BPR artikel 7.07, eerste lid onder c: het verbod geldt binnen 100 m van een schip dat de tekens van artikel 3.14, derde lid voert.	Binnenvaartpolitiereglement Artikel 7.07	https://wetten.overheid.nl/BWBR0003628	2026-06-17	
q-bpr-nl-binnenvaartpolitiereglementartike-24fdaf60	nl	ligplaats	rule_mc	affirmative	Wat betekent het teken A.7 langs de vaarweg?	Meren is verboden aan de zijde van de vaarweg waar het teken is aangebracht | Ankeren is verboden aan de zijde waar het teken is aangebracht | Keren is verboden aan de zijde waar het teken is aangebracht	A	BPR artikel 7.04, eerste lid onder b: in een vak aangeduid door het teken A.7 mag niet worden gemeerd, aan de zijde waar het teken is aangebracht.	Binnenvaartpolitiereglement Artikel 7.04	https://wetten.overheid.nl/BWBR0003628	2026-06-17	
q-bpr-nl-binnenvaartpolitiereglementartike-51cc17df	nl	ligplaats	rule_mc	negative	Waarvan mag een schip bij het meren of verhalen geen gebruik maken?	Van andere voorwerpen dan die welke daartoe zijn bestemd | Van meerdraden die langer zijn dan tien meter | Van de voorwerpen welke daartoe zijn bestemd	A	BPR artikel 7.04, derde lid: bij meren of verhalen mag geen gebruik worden gemaakt van andere voorwerpen dan die welke daartoe zijn bestemd; de daartoe bestemde voorwerpen mogen dus wel worden gebruikt.	Binnenvaartpolitiereglement Artikel 7.04	https://wetten.overheid.nl/BWBR0003628	2026-06-17	
q-bpr-nl-binnenvaartpolitiereglementartike-5752e3b5	nl	ligplaats	rule_mc	affirmative	Waarmee moet bij het verankeren of meren van een stilliggend schip in het bijzonder rekening worden gehouden?	Met wind, stroom en verandering van de waterstand, alsmede met zuiging en golfslag | Uitsluitend met de diepgang van het schip | Uitsluitend met het aantal opvarenden	A	BPR artikel 7.01, derde lid: bij het verankeren of meren moet met name rekening worden gehouden met wind, stroom en verandering van de waterstand, alsmede met zuiging en golfslag.	Binnenvaartpolitiereglement Artikel 7.01	https://wetten.overheid.nl/BWBR0003628	2026-06-17	
q-bpr-nl-binnenvaartpolitiereglementartike-8b4421ce	nl	ligplaats	rule_mc	affirmative	Welke algemene eis geldt voor de plaats waar een schip ligplaats neemt?	Het schip moet zodanig ligplaats nemen dat de scheepvaart niet wordt belemmerd | Het schip moet zo dicht mogelijk bij het midden van het vaarwater liggen | Het schip moet altijd met de kop tegen de stroom in liggen	A	BPR artikel 7.01, eerste lid: een schip en een drijvend voorwerp moeten zodanig ligplaats nemen dat de scheepvaart niet wordt belemmerd.	Binnenvaartpolitiereglement Artikel 7.01	https://wetten.overheid.nl/BWBR0003628	2026-06-17	
q-bpr-nl-binnenvaartpolitiereglementartike-a6691b42	nl	ligplaats	rule_mc	affirmative	Wat moet een aan een aanlegplaats gemeerd schip gedogen?	Dat een ander schip langszijde komt of langszijde daarvan vastmaakt en daarover gemeenschap met de wal heeft, anders dan om te laden of te lossen | Dat een ander schip zijn meerdraden losgooit | Dat een ander schip zijn ligplaats overneemt	A	BPR artikel 7.09: een aan een aanlegplaats gemeerd schip moet gedogen dat een ander schip langszijde komt of vastmaakt en daarover gemeenschap met de wal heeft, anders dan om te laden of te lossen.	Binnenvaartpolitiereglement Artikel 7.09	https://wetten.overheid.nl/BWBR0003628	2026-06-17	
q-bpr-nl-binnenvaartpolitiereglementartike-c32adabe	nl	ligplaats	rule_mc	affirmative	Wat moeten langszijde van elkaar stilliggende schepen doen als één van hen wil vertrekken of verhalen?	Elk van de andere schepen moet daaraan de nodige medewerking verlenen | De andere schepen mogen medewerking weigeren tot de volgende ochtend | Alleen het buitenste schip hoeft medewerking te verlenen	A	BPR artikel 7.10: wil een schip vertrekken of verhalen, dan moet elk van de andere langszijde stilliggende schepen daaraan de nodige medewerking verlenen.	Binnenvaartpolitiereglement Artikel 7.10	https://wetten.overheid.nl/BWBR0003628	2026-06-17	
q-bpr-nl-binnenvaartpolitiereglementartike-c4888fce	nl	ligplaats	rule_mc	negative	Waar mag een schip volgens het BPR geen ligplaats nemen?	Onder een brug of onder een hoogspanningslijn, en in het traject van een veerpont | Uitsluitend in een haven zonder aangewezen ligplaats | Uitsluitend op een wachtplaats van een sluis	A	BPR artikel 7.02, eerste lid: ligplaats nemen is onder meer verboden onder een brug of een hoogspanningslijn, in een engte, waar een andere vaarweg uitmondt en in het traject van een veerpont.	Binnenvaartpolitiereglement Artikel 7.02	https://wetten.overheid.nl/BWBR0003628	2026-06-17	
q-bpr-nl-binnenvaartpolitiereglementartike-e57a9c8a	nl	ligplaats	rule_mc	affirmative	Binnen welke afstand mag een schip geen ligplaats nemen van een schip dat het teken van artikel 3.14, eerste lid voert?	Binnen 10 m | Binnen 50 m | Binnen 100 m	A	BPR artikel 7.07, eerste lid onder a: een schip mag geen ligplaats nemen binnen 10 m van een schip dat het teken van artikel 3.14, eerste lid voert.	Binnenvaartpolitiereglement Artikel 7.07	https://wetten.overheid.nl/BWBR0003628	2026-06-17	
q-bpr-nl-binnenvaartpolitiereglementartike-ffa249de	nl	ligplaats	rule_mc	affirmative	Wat betekent het teken A.5 langs de vaarweg?	Ligplaats nemen is verboden aan de zijde van de vaarweg waar het teken is aangebracht | Ankeren is verboden aan de zijde waar het teken is aangebracht | Meren is toegestaan aan de zijde waar het teken is aangebracht	A	BPR artikel 7.02, eerste lid onder c: bij het teken A.5 is ligplaats nemen verboden aan de zijde van de vaarweg waar het teken is aangebracht.	Binnenvaartpolitiereglement Artikel 7.02	https://wetten.overheid.nl/BWBR0003628	2026-06-17	
q-bpr-nl-binnenvaartpolitiereglementartike-3ddc1b66	nl	marifoon_radar	rule_mc	affirmative	Wat moet een snel schip tijdens de vaart doen volgens het BPR?	Gebruik maken van radar | Twee marifoons uitluisteren | Een gele bal voeren	A	BPR artikel 4.06, achtste lid: een snel schip moet tijdens de vaart gebruik maken van radar.	Binnenvaartpolitiereglement Artikel 4.06	https://wetten.overheid.nl/BWBR0003628	2026-06-17	
q-bpr-nl-binnenvaartpolitiereglementartike-8c7deb7f	nl	marifoon_radar	rule_mc	affirmative	Bij welke lengte mag een schip slechts varen wanneer het is uitgerust met een radarinstallatie en een bochtaanwijzer?	Bij een lengte van meer dan 110 m | Bij een lengte van meer dan 20 m | Bij een lengte van meer dan 40 m	A	BPR artikel 4.06, zevende lid: een schip met een lengte van meer dan 110 m mag slechts varen wanneer het is uitgerust met een radarinstallatie en een bochtaanwijzer die aan het eerste lid voldoen.	Binnenvaartpolitiereglement Artikel 4.06	https://wetten.overheid.nl/BWBR0003628	2026-06-17	
q-bpr-nl-binnenvaartpolitiereglementartike-99000d31	nl	marifoon_radar	rule_mc	affirmative	Welk marifoonkanaal is het schip–schip kanaal, tenzij een ander kanaal als blokkanaal is aangewezen?	Kanaal 10 | Kanaal 16 | Kanaal 22	A	BPR artikel 4.05, vierde lid: het schip–schip kanaal is kanaal 10, tenzij een ander kanaal als blokkanaal is aangewezen.	Binnenvaartpolitiereglement Artikel 4.05	https://wetten.overheid.nl/BWBR0003628	2026-06-17	
q-bpr-nl-binnenvaartpolitiereglementartike-cfdce507	nl	marifoon_radar	rule_mc	affirmative	Waarop moet een varend groot schip op de in bijlage 9 vermelde vaarwegen uitluisteren?	Gelijktijdig op de kanalen voor het schip–schip verkeer en voor de nautische informatie | Uitsluitend op het kanaal voor de nautische informatie | Uitsluitend op het kanaal voor het schip–schip verkeer	A	BPR artikel 4.05, vierde lid: op de in bijlage 9 vermelde vaarwegen moet een groot schip gelijktijdig uitluisteren op de kanalen voor het schip–schip verkeer en voor de nautische informatie.	Binnenvaartpolitiereglement Artikel 4.05	https://wetten.overheid.nl/BWBR0003628	2026-06-17	
q-bpr-nl-binnenvaartpolitiereglementartike-015dd8d4	nl	optische_tekens	rule_mc	affirmative	Hoe wordt het verbod van toegang aan boord voor onbevoegden aangeduid?	Door ronde witte symbolen met een rode rand en een rode diagonale balk en, in zwart, de afbeelding van een afwerende hand | Door ronde witte symbolen met de afbeelding van een brandende lucifer | Door een rechthoekig rood bord met een witte balk	A	BPR artikel 3.31, eerste lid: het verbod wordt aangeduid door ronde witte symbolen met een rode rand en een rode diagonale balk en, in zwart, de afbeelding van een afwerende hand.	Binnenvaartpolitiereglement Artikel 3.31	https://wetten.overheid.nl/BWBR0003628	2026-06-17	
q-bpr-nl-binnenvaartpolitiereglementartike-021c7def	nl	optische_tekens	rule_mc	affirmative	Welke rondom schijnende lichten voert een vissersschip 's nachts?	Een groen licht boven een wit licht in een verticale lijn met een onderlinge afstand van ten minste 1 m | Een wit licht boven een groen licht in een verticale lijn | Een rood licht boven een groen licht in een verticale lijn	A	BPR artikel 3.37 onder a: een vissersschip voert een groen en een wit rondom schijnend licht in een verticale lijn, het bovenste groen en het onderste wit, ten minste 1 m uit elkaar.	Binnenvaartpolitiereglement Artikel 3.37	https://wetten.overheid.nl/BWBR0003628	2026-06-17	
q-bpr-nl-binnenvaartpolitiereglementartike-03c9775a	nl	optische_tekens	rule_mc	affirmative	Welk bijkomend teken voert een schip dat bepaalde ontplofbare stoffen vervoert 's nachts?	Drie blauwe lichten | Eén blauw licht | Twee blauwe lichten	A	BPR artikel 3.14, derde lid onder a: een schip dat bepaalde ontplofbare stoffen vervoert voert 's nachts drie blauwe lichten in een verticale lijn.	Binnenvaartpolitiereglement Artikel 3.14	https://wetten.overheid.nl/BWBR0003628	2026-06-17	
q-bpr-nl-binnenvaartpolitiereglementartike-099a3714	nl	optische_tekens	rule_mc	affirmative	Welke lichten voert 's nachts een varend schip dat wegens werkzaamheden in het vaarwater beperkt is in zijn mogelijkheden om uit te wijken?	Drie rondom schijnende lichten in een verticale lijn: het bovenste en het onderste rood en het middelste wit | Drie rondom schijnende lichten in een verticale lijn: het bovenste en het onderste wit en het middelste rood | Twee blauwe lichten in een verticale lijn	A	BPR artikel 3.34, eerste lid onder a: het schip voert drie rondom schijnende lichten in een verticale lijn, het bovenste en het onderste rood en het middelste wit.	Binnenvaartpolitiereglement Artikel 3.34	https://wetten.overheid.nl/BWBR0003628	2026-06-17	
q-bpr-nl-binnenvaartpolitiereglementartike-0f597fa1	nl	optische_tekens	rule_mc	affirmative	Welke kleur en welke boog hebben de boordlichten?	Groen aan stuurboordszijde en rood aan bakboordszijde, elk over een boog van 112°30' | Rood aan stuurboordszijde en groen aan bakboordszijde, elk over een boog van 112°30' | Beide wit, elk over een boog van 225°	A	BPR artikel 3.01a onder b: boordlichten zijn een groen helder licht aan stuurboordszijde en een rood helder licht aan bakboordszijde, elk over een boog van de horizon van 112°30'.	Binnenvaartpolitiereglement Artikel 3.01a	https://wetten.overheid.nl/BWBR0003628	2026-06-17	
q-bpr-nl-binnenvaartpolitiereglementartike-12890103	nl	optische_tekens	rule_mc	affirmative	Welke schepen mogen de tekens ter bescherming tegen hinderlijke waterbeweging tonen?	Schepen die zwaar zijn beschadigd of in het vaarwater werkzaamheden verrichten, en schepen die niet in staat zijn te manoeuvreren | Alle kleine schepen die aan de oever gemeerd liggen | Uitsluitend passagiersschepen in geregelde dienst	A	BPR artikel 3.29, tweede lid: deze tekens mogen worden getoond door zwaar beschadigde schepen, schepen die in het vaarwater werkzaamheden verrichten, schepen die niet in staat zijn te manoeuvreren en schepen met schriftelijke toestemming van de bevoegde autoriteit.	Binnenvaartpolitiereglement Artikel 3.29	https://wetten.overheid.nl/BWBR0003628	2026-06-17	
q-bpr-nl-binnenvaartpolitiereglementartike-165f5777	nl	optische_tekens	rule_mc	affirmative	Welk dagteken voert een vissersschip?	Twee zwarte kegels met de punten tegen elkaar (diabolo) in een verticale lijn | Twee zwarte bollen in een verticale lijn | Een zwarte kegel met de punt naar beneden	A	BPR artikel 3.37 onder b: een vissersschip voert overdag twee zwarte kegels met de punten tegen elkaar (diabolo) in een verticale lijn.	Binnenvaartpolitiereglement Artikel 3.37	https://wetten.overheid.nl/BWBR0003628	2026-06-17	
q-bpr-nl-binnenvaartpolitiereglementartike-16a8af27	nl	optische_tekens	rule_mc	affirmative	Mag een vóór een sluis stilliggend schip dat wacht om te worden geschut de tekens voor een varend schip blijven voeren?	Ja, het mag de lichten en dagtekens blijven voeren die voor een varend schip zijn voorgeschreven | Nee, het moet onmiddellijk de tekens van een stilliggend schip voeren | Alleen wanneer het een klein schip is	A	BPR artikel 3.01, zesde lid: een vóór een sluis of een beweegbare brug stilliggend wachtend schip mag de lichten en dagtekens blijven voeren die voor een varend schip zijn voorgeschreven.	Binnenvaartpolitiereglement Artikel 3.01	https://wetten.overheid.nl/BWBR0003628	2026-06-17	
q-bpr-nl-binnenvaartpolitiereglementartike-19bb4d51	nl	optische_tekens	rule_mc	negative	Welke lichten of voorwerpen mag een schip niet zichtbaar doen zijn?	Lichten, vlaggen, borden of voorwerpen die kunnen leiden tot verwarring met de in het reglement vermelde tekens of de herkenning daarvan bemoeilijken | Uitsluitend lichten die feller zijn dan de voorgeschreven lichten | Uitsluitend vlaggen van een vreemde mogendheid	A	BPR artikel 3.07, eerste lid: verboden zijn lichten, verlichting, zoeklichten, vlaggen, borden, wimpels of andere voorwerpen die tot verwarring met de vermelde tekens kunnen leiden of de waarneembaarheid daarvan bemoeilijken.	Binnenvaartpolitiereglement Artikel 3.07	https://wetten.overheid.nl/BWBR0003628	2026-06-17	
q-bpr-nl-binnenvaartpolitiereglementartike-1a665365	nl	optische_tekens	rule_mc	affirmative	Welk bijkomend teken mag een schip van ambtenaren belast met toezicht of opsporing tonen?	Een blauw rondom schijnend flikkerlicht of licht dat snel flikkert | Een geel rondom schijnend flikkerlicht | Een rood rondom schijnend flikkerlicht	A	BPR artikel 3.27: een schip van ambtenaren belast met toezicht of opsporing mag een blauw gewoon rondom schijnend flikkerlicht of licht dat snel flikkert tonen; hetzelfde geldt voor een brandweerboot die hulp biedt.	Binnenvaartpolitiereglement Artikel 3.27	https://wetten.overheid.nl/BWBR0003628	2026-06-17	
q-bpr-nl-binnenvaartpolitiereglementartike-1c2c8d14	nl	optische_tekens	rule_mc	affirmative	Welke dagtekens voert zo'n beperkt manoeuvreerbaar schip?	Een zwarte bol, een zwarte ruit en een zwarte bol in een verticale lijn | Een zwarte ruit, een zwarte bol en een zwarte ruit in een verticale lijn | Drie zwarte bollen in een verticale lijn	A	BPR artikel 3.34, eerste lid onder b: overdag voert het schip een zwarte bol, een zwarte ruit en een zwarte bol in een verticale lijn.	Binnenvaartpolitiereglement Artikel 3.34	https://wetten.overheid.nl/BWBR0003628	2026-06-17	
q-bpr-nl-binnenvaartpolitiereglementartike-245b200e	nl	optische_tekens	rule_mc	affirmative	Welk licht mag een klein motorschip voeren in plaats van het heklicht en het toplicht van de tweede lichtvariant?	Een wit rondom schijnend licht | Een geel rondom schijnend licht | Een rood rondom schijnend licht	A	BPR artikel 3.13, eerste lid onder b: in plaats van dat heklicht en dat toplicht mag een wit rondom schijnend licht worden gevoerd.	Binnenvaartpolitiereglement Artikel 3.13	https://wetten.overheid.nl/BWBR0003628	2026-06-17	
q-bpr-nl-binnenvaartpolitiereglementartike-2614fdd6	nl	optische_tekens	rule_mc	affirmative	Welke middellijn moet een bol die een schip volgens het BPR voert ten minste hebben?	Een middellijn van 60 cm | Een middellijn van 50 cm | Een middellijn van 80 cm	A	BPR artikel 3.04, derde lid onder b: voor bollen geldt ten minste een middellijn van 60 cm.	Binnenvaartpolitiereglement Artikel 3.04	https://wetten.overheid.nl/BWBR0003628	2026-06-17	
q-bpr-nl-binnenvaartpolitiereglementartike-38c778b8	nl	optische_tekens	rule_mc	affirmative	Welk dagteken voert een groot schip dat stilligt zonder direct of indirect aan de oever gemeerd te liggen?	Een zwarte bol op het voorschip | Een gele cilinder op het voorschip | Een zwarte kegel met de punt naar beneden	A	BPR artikel 3.20, tweede lid onder b: zo'n schip voert overdag een zwarte bol op het voorschip, op een zodanige hoogte dat hij van alle zijden zichtbaar is.	Binnenvaartpolitiereglement Artikel 3.20	https://wetten.overheid.nl/BWBR0003628	2026-06-17	
q-bpr-nl-binnenvaartpolitiereglementartike-3f72f027	nl	optische_tekens	rule_mc	affirmative	Welke afmetingen moeten borden en vlaggen die een schip volgens het BPR voert ten minste hebben?	Een lengte en een hoogte van elk ten minste 1 m | Een lengte en een hoogte van elk ten minste 0,50 m | Een lengte van ten minste 2 m en een hoogte van ten minste 1 m	A	BPR artikel 3.03, derde lid onder a: voor borden en vlaggen geldt een lengte en een hoogte van elk ten minste 1 m.	Binnenvaartpolitiereglement Artikel 3.03	https://wetten.overheid.nl/BWBR0003628	2026-06-17	
q-bpr-nl-binnenvaartpolitiereglementartike-526beff3	nl	optische_tekens	rule_mc	affirmative	Welke doorsnede hebben de symbolen die een verbod aan boord aanduiden?	Ongeveer 0,60 m | Ongeveer 1 m | Ongeveer 0,30 m	A	BPR artikel 3.31, eerste lid: de doorsnede van deze symbolen bedraagt ongeveer 0,60 m.	Binnenvaartpolitiereglement Artikel 3.31	https://wetten.overheid.nl/BWBR0003628	2026-06-17	
q-bpr-nl-binnenvaartpolitiereglementartike-57d47eea	nl	optische_tekens	rule_mc	affirmative	Welk licht voert het motorschip aan de kop van een sleep 's nachts op het achterschip?	Een geel helder of gewoon licht dat schijnt over dezelfde boog van de horizon als een heklicht | Een rood helder licht dat rondom schijnt | Twee witte lichten in een verticale lijn	A	BPR artikel 3.09, eerste lid onder a: op het achterschip wordt een geel helder of gewoon licht gevoerd dat schijnt over dezelfde boog van de horizon als een heklicht.	Binnenvaartpolitiereglement Artikel 3.09	https://wetten.overheid.nl/BWBR0003628	2026-06-17	
q-bpr-nl-binnenvaartpolitiereglementartike-58400cf6	nl	optische_tekens	rule_mc	affirmative	Welke rondom schijnende lichten voert een groot zeilschip aan of nabij de top van de mast?	Twee lichten in een verticale lijn, het bovenste rood en het onderste groen | Twee lichten in een verticale lijn, het bovenste groen en het onderste rood | Twee witte lichten in een verticale lijn	A	BPR artikel 3.12 onder c: een groot zeilschip voert aan of nabij de top van de mast twee rondom schijnende lichten in een verticale lijn, het bovenste rood en het onderste groen.	Binnenvaartpolitiereglement Artikel 3.12	https://wetten.overheid.nl/BWBR0003628	2026-06-17	
q-bpr-nl-binnenvaartpolitiereglementartike-5d513987	nl	optische_tekens	rule_mc	affirmative	Welke bijkomende dagtekens toont een schip dat onmanoeuvreerbaar wordt?	Een rode vlag waarmee heen en weer wordt gezwaaid, of twee zwarte bollen in een verticale lijn | Een gele cilinder in verticale stand | Twee zwarte kegels met de punten tegen elkaar	A	BPR artikel 3.18, eerste lid: des daags een rode vlag waarmee heen en weer wordt gezwaaid, of twee zwarte bollen in een verticale lijn ongeveer 1 m uit elkaar.	Binnenvaartpolitiereglement Artikel 3.18	https://wetten.overheid.nl/BWBR0003628	2026-06-17	
q-bpr-nl-binnenvaartpolitiereglementartike-6a552333	nl	optische_tekens	rule_mc	affirmative	Welk bijkomend licht voert 's nachts een schip waarvan een anker een gevaar voor de scheepvaart kan vormen?	Een tweede wit gewoon rondom schijnend licht | Een rood helder rondom schijnend licht | Een geel snel flikkerend licht	A	BPR artikel 3.26, eerste lid: het schip voert als bijkomend licht een tweede wit gewoon rondom schijnend licht, ongeveer 1 m loodrecht onder het voorgeschreven licht.	Binnenvaartpolitiereglement Artikel 3.26	https://wetten.overheid.nl/BWBR0003628	2026-06-17	
q-bpr-nl-binnenvaartpolitiereglementartike-7203d2db	nl	optische_tekens	rule_mc	affirmative	Welk dagteken voert een groot schip dat onder zeil vaart en tegelijkertijd zijn mechanische middelen tot voortbeweging gebruikt?	Een zwarte kegel met de punt naar beneden | Een zwarte bol | Een gele cilinder	A	BPR artikel 3.08, vijfde lid: zo'n schip voert overdag een zwarte kegel met de punt naar beneden.	Binnenvaartpolitiereglement Artikel 3.08	https://wetten.overheid.nl/BWBR0003628	2026-06-17	
q-bpr-nl-binnenvaartpolitiereglementartike-73c44faa	nl	optische_tekens	rule_mc	affirmative	Welk licht voert een groot schip dat direct of indirect aan de oever gemeerd ligt?	Een wit gewoon rondom schijnend licht aan de zijde van het vaarwater op een hoogte van ten minste 3 m | Een rood gewoon rondom schijnend licht op het achterschip | Twee groene lichten in een verticale lijn	A	BPR artikel 3.20, eerste lid: het schip voert een wit gewoon rondom schijnend licht aan de zijde van het vaarwater op een hoogte van ten minste 3 m.	Binnenvaartpolitiereglement Artikel 3.20	https://wetten.overheid.nl/BWBR0003628	2026-06-17	
q-bpr-nl-binnenvaartpolitiereglementartike-74e6cb9f	nl	optische_tekens	rule_mc	affirmative	Welk dagteken voert een gekoppeld samenstel bestaande uit grote schepen dat wordt geassisteerd?	Een gele bol, voorop op een hoogte van ten minste 5 m | Een zwarte bol op het achterschip | Een gele cilinder in verticale stand	A	BPR artikel 3.11, tweede lid onder b: een geassisteerd gekoppeld samenstel voert overdag een gele bol, voorop op een hoogte van ten minste 5 m.	Binnenvaartpolitiereglement Artikel 3.11	https://wetten.overheid.nl/BWBR0003628	2026-06-17	
q-bpr-nl-binnenvaartpolitiereglementartike-7947b7cc	nl	optische_tekens	rule_mc	affirmative	Welke vorm moeten de borden en vlaggen hebben die een schip volgens het BPR moet voeren?	Rechthoekig, voor zover niet anders wordt bepaald | Driehoekig, voor zover niet anders wordt bepaald | Rond, voor zover niet anders wordt bepaald	A	BPR artikel 3.03, eerste lid: voor zover niet anders wordt bepaald moeten de borden en vlaggen rechthoekig zijn.	Binnenvaartpolitiereglement Artikel 3.03	https://wetten.overheid.nl/BWBR0003628	2026-06-17	
q-bpr-nl-binnenvaartpolitiereglementartike-7d691e69	nl	optische_tekens	rule_mc	affirmative	Welk bijkomend teken voert een schip dat gebruikt wordt bij het duiken?	De internationale seinvlag «A», dan wel een replica daarvan van niet buigzaam materiaal | De internationale seinvlag «B» | Een rode vlag met een witte diagonale balk	A	BPR artikel 3.38, eerste lid: het schip voert de internationale seinvlag «A» dan wel een replica daarvan van niet buigzaam materiaal, van alle zijden zichtbaar.	Binnenvaartpolitiereglement Artikel 3.38	https://wetten.overheid.nl/BWBR0003628	2026-06-17	
q-bpr-nl-binnenvaartpolitiereglementartike-8d811c3e	nl	optische_tekens	rule_mc	affirmative	Welke bijkomende tekens moet een snel schip overdag en 's nachts voeren?	Twee gele krachtige rondom schijnende lichten die snel flikkeren, in een verticale lijn ongeveer 1 m uit elkaar | Twee blauwe lichten in een verticale lijn | Een gele bol op het voorschip	A	BPR artikel 3.08, vierde lid: een snel schip voert overdag en 's nachts twee gele krachtige rondom schijnende lichten die snel flikkeren, in een verticale lijn ongeveer 1 m uit elkaar.	Binnenvaartpolitiereglement Artikel 3.08	https://wetten.overheid.nl/BWBR0003628	2026-06-17	
q-bpr-nl-binnenvaartpolitiereglementartike-8df2f964	nl	optische_tekens	rule_mc	affirmative	Welke lichten voert een in bedrijf zijnd drijvend werktuig 's nachts aan de zijde waar de doorvaart vrij is?	Twee groene rondom schijnende lichten in een verticale lijn met een onderlinge afstand van ongeveer 1 m | Twee rode rondom schijnende lichten in een verticale lijn | Eén wit rondom schijnend licht	A	BPR artikel 3.25, eerste lid onder a: aan de zijde waar de doorvaart vrij is worden des nachts twee groene rondom schijnende lichten in een verticale lijn gevoerd, ongeveer 1 m uit elkaar.	Binnenvaartpolitiereglement Artikel 3.25	https://wetten.overheid.nl/BWBR0003628	2026-06-17	
q-bpr-nl-binnenvaartpolitiereglementartike-98872a0f	nl	optische_tekens	rule_mc	affirmative	Wanneer moeten de voor 's nachts voorgeschreven lichten ook overdag worden gevoerd?	Wanneer het zicht dit vereist | Uitsluitend bij het doorvaren van een sluis | Nooit; overdag gelden alleen de dagtekens	A	BPR artikel 3.01, vierde lid: wanneer het zicht dit vereist moeten de voor des nachts voorgeschreven lichten ook des daags worden gevoerd.	Binnenvaartpolitiereglement Artikel 3.01	https://wetten.overheid.nl/BWBR0003628	2026-06-17	
q-bpr-nl-binnenvaartpolitiereglementartike-9d5fb62b	nl	optische_tekens	rule_mc	affirmative	Welke lichten voert een niet-vrijvarende veerpont 's nachts?	Een wit helder rondom schijnend licht met daarboven, ongeveer 1 m hoger, een groen helder rondom schijnend licht | Een groen helder rondom schijnend licht met daarboven een wit helder rondom schijnend licht | Twee witte rondom schijnende lichten in een verticale lijn	A	BPR artikel 3.16, eerste lid: een niet-vrijvarende veerpont voert een wit helder rondom schijnend licht en ongeveer 1 m daarboven een groen helder rondom schijnend licht.	Binnenvaartpolitiereglement Artikel 3.16	https://wetten.overheid.nl/BWBR0003628	2026-06-17	
q-bpr-nl-binnenvaartpolitiereglementartike-9fdf677a	nl	optische_tekens	rule_mc	affirmative	Welk bijkomend teken mag een schip tonen dat in of nabij het vaarwater werkzaamheden uitvoert?	Een geel rondom schijnend flikkerlicht of licht dat snel flikkert, met toestemming van de bevoegde autoriteit | Een blauw rondom schijnend flikkerlicht | Twee rode lichten in een verticale lijn	A	BPR artikel 3.28: zo'n schip mag met toestemming van de bevoegde autoriteit een geel helder of gewoon rondom schijnend flikkerlicht of licht dat snel flikkert tonen.	Binnenvaartpolitiereglement Artikel 3.28	https://wetten.overheid.nl/BWBR0003628	2026-06-17	
q-bpr-nl-binnenvaartpolitiereglementartike-a6f49201	nl	optische_tekens	rule_mc	affirmative	Welk dagteken voert een in bedrijf zijnd drijvend werktuig aan de zijde waar de doorvaart niet vrij is?	Een rode bol | Twee groene ruiten | Een zwarte kegel met de punt naar boven	A	BPR artikel 3.25, eerste lid onder b: aan de zijde waar de doorvaart niet vrij is wordt overdag een rode bol gevoerd, op dezelfde hoogte als de bovenste groene ruit.	Binnenvaartpolitiereglement Artikel 3.25	https://wetten.overheid.nl/BWBR0003628	2026-06-17	
q-bpr-nl-binnenvaartpolitiereglementartike-a7293100	nl	optische_tekens	rule_mc	affirmative	Hoeveel heklichten voert de duwboot van een duwstel en hoe zijn zij geplaatst?	Drie heklichten in een horizontale lijn loodrecht op de lengte-as, telkens ongeveer 1,25 m uit elkaar | Eén heklicht in de lengte-as van de duwboot | Twee heklichten in een verticale lijn ongeveer 1 m uit elkaar	A	BPR artikel 3.10, eerste lid onder c: de duwboot voert drie heklichten in een horizontale lijn loodrecht op de lengte-as, telkens ongeveer 1,25 m uit elkaar.	Binnenvaartpolitiereglement Artikel 3.10	https://wetten.overheid.nl/BWBR0003628	2026-06-17	
q-bpr-nl-binnenvaartpolitiereglementartike-a87612cd	nl	optische_tekens	rule_mc	affirmative	Welk dagteken voert een varend passagiersschip waarvan de maximale lengte van de romp minder is dan 20 m?	Een gele ruit, van alle zijden zichtbaar | Een gele bol op het voorschip | Een zwarte kegel met de punt naar beneden	A	BPR artikel 3.15, eerste lid: zo'n passagiersschip voert overdag een gele ruit, op een zodanige hoogte dat hij van alle zijden zichtbaar is.	Binnenvaartpolitiereglement Artikel 3.15	https://wetten.overheid.nl/BWBR0003628	2026-06-17	
q-bpr-nl-binnenvaartpolitiereglementartike-b5f77c00	nl	optische_tekens	rule_mc	affirmative	Welk dagteken voert het motorschip aan de kop van een sleep bestaande uit grote schepen?	Een gele cilinder die aan de bovenzijde en de benedenzijde is voorzien van twee banden, zwart en wit, met de witte banden aan de uiteinden | Een zwarte bol op het voorschip | Een blauwe kegel met de punt naar beneden	A	BPR artikel 3.09, eerste lid onder b: overdag voert dit motorschip een gele cilinder met aan boven- en benedenzijde twee banden, zwart en wit, de witte banden aan de uiteinden.	Binnenvaartpolitiereglement Artikel 3.09	https://wetten.overheid.nl/BWBR0003628	2026-06-17	
q-bpr-nl-binnenvaartpolitiereglementartike-bd2772ce	nl	optische_tekens	rule_mc	affirmative	Over welke boog van de horizon schijnt een toplicht?	Over een boog van 225°, aan elke zijde van recht vooruit tot 22°30' achterlijker dan dwars | Over een boog van 135°, aan elke zijde 67°30' van recht achteruit | Over een boog van 360°	A	BPR artikel 3.01a onder a: het toplicht is een wit krachtig licht dat schijnt over een boog van de horizon van 225°, aan elke zijde van recht vooruit tot 22°30' achterlijker dan dwars.	Binnenvaartpolitiereglement Artikel 3.01a	https://wetten.overheid.nl/BWBR0003628	2026-06-17	
q-bpr-nl-binnenvaartpolitiereglementartike-be193a8d	nl	optische_tekens	rule_mc	affirmative	Mogen voor kleine schepen kleinere bollen, kegels en ruiten worden gebruikt?	Ja, mits de afmetingen in verhouding staan tot de grootte van het kleine schip en een goede zichtbaarheid verzekerd is | Nee, de voorgeschreven afmetingen gelden voor elk schip | Ja, zonder enige eis aan de zichtbaarheid	A	BPR artikel 3.04, vierde lid: voor kleine schepen mogen voorwerpen van geringere afmetingen worden gebruikt die in verhouding staan tot de grootte van het schip, mits een goede zichtbaarheid wordt verzekerd.	Binnenvaartpolitiereglement Artikel 3.04	https://wetten.overheid.nl/BWBR0003628	2026-06-17	
q-bpr-nl-binnenvaartpolitiereglementartike-c12692d6	nl	optische_tekens	rule_mc	affirmative	Welk licht mag een alleenvarend klein open motorschip met een lengte van minder dan 7 m en een hoogst bereikbare snelheid van niet meer dan 13 km per uur voeren in plaats van de voorgeschreven lichten?	Een wit gewoon rondom schijnend licht | Een groen helder rondom schijnend licht | Twee witte lichten in een verticale lijn	A	BPR artikel 3.13, tweede lid: zo'n klein open motorschip mag in plaats van de bij het eerste lid voorgeschreven lichten een wit gewoon rondom schijnend licht voeren.	Binnenvaartpolitiereglement Artikel 3.13	https://wetten.overheid.nl/BWBR0003628	2026-06-17	
q-bpr-nl-binnenvaartpolitiereglementartike-c6e8a232	nl	optische_tekens	rule_mc	affirmative	Welke tekens mag een schip 's nachts tonen dat beschermd wil worden tegen hinderlijke waterbeweging?	Een rood en een wit rondom schijnend licht in een verticale lijn, het bovenste rood en het onderste wit | Een groen en een wit rondom schijnend licht in een verticale lijn | Twee rode rondom schijnende lichten in een verticale lijn	A	BPR artikel 3.29, eerste lid: des nachts een rood en een wit rondom schijnend licht in een verticale lijn ongeveer 1 m uit elkaar, het bovenste rood en het onderste wit.	Binnenvaartpolitiereglement Artikel 3.29	https://wetten.overheid.nl/BWBR0003628	2026-06-17	
q-bpr-nl-binnenvaartpolitiereglementartike-c9503bad	nl	optische_tekens	rule_mc	affirmative	Welk teken mag een in nood verkerend schip dat hulp wil inroepen overdag tonen?	Een vlag of ieder ander geschikt voorwerp waarmee in het rond wordt gezwaaid | Een gele ruit op een geschikte plaats | Twee zwarte kegels met de punten tegen elkaar	A	BPR artikel 3.30, eerste lid: des daags mag een vlag of ieder ander geschikt voorwerp worden getoond waarmee in het rond wordt gezwaaid.	Binnenvaartpolitiereglement Artikel 3.30	https://wetten.overheid.nl/BWBR0003628	2026-06-17	
q-bpr-nl-binnenvaartpolitiereglementartike-cb497fd3	nl	optische_tekens	rule_mc	affirmative	Waarmee moet een schip een anker aanduiden dat een gevaar voor de scheepvaart kan vormen?	Met een gele boei voorzien van een radarreflector | Met een rode boei voorzien van een wit licht | Met twee zwarte bollen boven elkaar	A	BPR artikel 3.26, derde lid: het anker moet worden aangeduid door een gele boei voorzien van een radarreflector.	Binnenvaartpolitiereglement Artikel 3.26	https://wetten.overheid.nl/BWBR0003628	2026-06-17	
q-bpr-nl-binnenvaartpolitiereglementartike-cdf7cf93	nl	optische_tekens	rule_mc	affirmative	Mag het duikteken ook worden getoond bij duikwerkzaamheden vanaf de wal?	Ja, het bijkomende teken mag ook bij duikwerkzaamheden vanaf de wal worden getoond | Nee, het teken geldt uitsluitend voor schepen | Alleen met schriftelijke toestemming van de bevoegde autoriteit	A	BPR artikel 3.38, tweede lid: het bijkomende teken mag ook worden getoond bij duikwerkzaamheden die vanaf de wal worden uitgevoerd.	Binnenvaartpolitiereglement Artikel 3.38	https://wetten.overheid.nl/BWBR0003628	2026-06-17	
q-bpr-nl-binnenvaartpolitiereglementartike-d347db4e	nl	optische_tekens	rule_mc	affirmative	Welke lichten voert een vrijvarende veerpont naast het witte en het groene rondom schijnende licht?	Boordlichten en een heklicht | Twee gele snel flikkerende lichten | Een tweede toplicht op het achterschip	A	BPR artikel 3.16, derde lid: een vrijvarende veerpont voert daarnaast boordlichten en een heklicht die voldoen aan artikel 3.08.	Binnenvaartpolitiereglement Artikel 3.16	https://wetten.overheid.nl/BWBR0003628	2026-06-17	
q-bpr-nl-binnenvaartpolitiereglementartike-d4b57d6e	nl	optische_tekens	rule_mc	affirmative	Welke bijkomende tekens toont een schip dat onmanoeuvreerbaar wordt 's nachts?	Een rood licht waarmee heen en weer wordt gezwaaid, of twee rode rondom schijnende lichten in een verticale lijn | Een groen licht waarmee heen en weer wordt gezwaaid | Drie blauwe lichten in een verticale lijn	A	BPR artikel 3.18, eerste lid: des nachts een rood licht waarmee heen en weer wordt gezwaaid, of twee rode gewone rondom schijnende lichten in een verticale lijn ongeveer 1 m uit elkaar.	Binnenvaartpolitiereglement Artikel 3.18	https://wetten.overheid.nl/BWBR0003628	2026-06-17	
q-bpr-nl-binnenvaartpolitiereglementartike-d58dc4bc	nl	optische_tekens	rule_mc	affirmative	Hoe wordt aan boord het verbod om te roken of onbeschermd licht of vuur te gebruiken aangeduid?	Door ronde witte symbolen met een rode rand en een rode diagonale balk en de afbeelding van een brandende lucifer | Door ronde witte symbolen met een rode rand en de afbeelding van een afwerende hand | Door een blauw bord met een witte vlam	A	BPR artikel 3.32, eerste lid: het verbod wordt aangeduid door ronde witte symbolen met een rode rand en een rode diagonale balk en de afbeelding van een brandende lucifer.	Binnenvaartpolitiereglement Artikel 3.32	https://wetten.overheid.nl/BWBR0003628	2026-06-17	
q-bpr-nl-binnenvaartpolitiereglementartike-d75c542a	nl	optische_tekens	rule_mc	negative	Hoe mag een schip zijn zoeklichten niet gebruiken?	Niet op zodanige wijze dat zij door verblinding gevaar of hinder voor de scheepvaart kunnen veroorzaken | Niet gedurende de nachtelijke uren | Niet in een sluis of onder een brug	A	BPR artikel 3.07, tweede lid: een schip mag zijn lichten, verlichting of zoeklichten niet zo gebruiken dat zij door verblinding gevaar of hinder voor de scheepvaart kunnen veroorzaken.	Binnenvaartpolitiereglement Artikel 3.07	https://wetten.overheid.nl/BWBR0003628	2026-06-17	
q-bpr-nl-binnenvaartpolitiereglementartike-e1968b74	nl	optische_tekens	rule_mc	affirmative	Welk bijkomend dagteken voert een schip dat bepaalde brandbare stoffen vervoert?	Eén blauwe kegel met de punt naar beneden | Twee blauwe kegels met de punt naar beneden | Drie blauwe kegels met de punt naar beneden	A	BPR artikel 3.14, eerste lid onder b: een schip dat bepaalde brandbare stoffen vervoert voert overdag één blauwe kegel met de punt naar beneden.	Binnenvaartpolitiereglement Artikel 3.14	https://wetten.overheid.nl/BWBR0003628	2026-06-17	
q-bpr-nl-binnenvaartpolitiereglementartike-f0d1a32c	nl	optische_tekens	rule_mc	affirmative	Hoe zijn de drie toplichten van een duwstel geplaatst?	In de vorm van een gelijkzijdige driehoek met een horizontale basis, het bovenste licht op een hoogte van ten minste 5 m | In een verticale lijn met een onderlinge afstand van ongeveer 1 m | In een horizontale lijn loodrecht op de lengte-as	A	BPR artikel 3.10, eerste lid: de drie toplichten staan in de vorm van een gelijkzijdige driehoek met een horizontale basis, het bovenste licht op ten minste 5 m hoogte.	Binnenvaartpolitiereglement Artikel 3.10	https://wetten.overheid.nl/BWBR0003628	2026-06-17	
q-bpr-nl-binnenvaartpolitiereglementartike-f3583f54	nl	optische_tekens	rule_mc	affirmative	Welke lichten voert een groot zeilschip verder 's nachts?	Boordlichten en een heklicht | Een toplicht en boordlichten | Uitsluitend een heklicht	A	BPR artikel 3.12 onder a en b: een groot zeilschip voert boordlichten en een heklicht op het achterschip.	Binnenvaartpolitiereglement Artikel 3.12	https://wetten.overheid.nl/BWBR0003628	2026-06-17	
q-bpr-nl-binnenvaartpolitiereglementartike-fa4a9fd1	nl	optische_tekens	rule_mc	affirmative	Waar voert een gekoppeld samenstel bestaande uit grote schepen zijn heklichten?	Een heklicht op het achterschip van elk schip | Eén heklicht op het achterschip van het motorschip | Drie heklichten op het achterste schip	A	BPR artikel 3.11, eerste lid onder c: het samenstel voert een heklicht op het achterschip van elk schip, zoveel mogelijk in de lengte-as.	Binnenvaartpolitiereglement Artikel 3.11	https://wetten.overheid.nl/BWBR0003628	2026-06-17	
q-bpr-nl-binnenvaartpolitiereglementartike-fd9a9127	nl	optische_tekens	rule_mc	affirmative	Welk geluidssein mag een schip geven dat medische hulp wil inroepen?	Vier korte stoten, gevolgd door één lange stoot | Eén lange stoot, gevolgd door vier korte stoten | Een reeks klokslagen van ongeveer vier seconden	A	BPR artikel 3.30, derde lid: een schip dat medische hulp wil inroepen mag vier korte stoten gevolgd door één lange stoot geven.	Binnenvaartpolitiereglement Artikel 3.30	https://wetten.overheid.nl/BWBR0003628	2026-06-17	
q-rpr-nl-rijnvaartpolitiereglement1995arti-15fe16bc	nl	optische_tekens	rule_mc	affirmative	Welk licht toont een in bedrijf zijnd drijvend werktuig op de Rijn 's nachts aan de zijde waar de doorvaart niet vrij is?	Een rood helder of gewoon licht | Twee groene lichten | Een geel flikkerlicht	A	RPR artikel 3.25, eerste lid onder b: aan de zijde waar de doorvaart niet vrij is wordt des nachts een rood helder of gewoon licht getoond.	Rijnvaartpolitiereglement 1995 Artikel 3.25	https://wetten.overheid.nl/BWBR0006923	2026-06-17	
q-rpr-nl-rijnvaartpolitiereglement1995arti-17fb6f7d	nl	optische_tekens	rule_mc	affirmative	Hoe moeten de boordlichten van een klein motorschip op de Rijn naar de binnenzijde zijn afgeschermd?	Zodanig dat het groene licht niet van bakboordszijde en het rode licht niet van stuurboordszijde kan worden gezien | Zodanig dat beide lichten van alle zijden zichtbaar zijn | Zodanig dat zij uitsluitend van achteren zichtbaar zijn	A	RPR artikel 3.13, eerste lid onder b: de boordlichten moeten naar de binnenzijde zo zijn afgeschermd dat het groene licht niet van bakboordszijde en het rode licht niet van stuurboordszijde kan worden gezien.	Rijnvaartpolitiereglement 1995 Artikel 3.13	https://wetten.overheid.nl/BWBR0006923	2026-06-17	
q-rpr-nl-rijnvaartpolitiereglement1995arti-1e70e6a0	nl	optische_tekens	rule_mc	affirmative	Welk licht moet een klein schip voeren dat wordt gesleept of langszijde van een ander schip vastgemaakt wordt voortbewogen?	Een wit gewoon rondom schijnend licht | Een geel helder flikkerlicht | Boordlichten en een heklicht	A	RPR artikel 3.13, derde lid: zo'n klein schip moet des nachts een wit gewoon rondom schijnend licht voeren; dit geldt niet voor bijboten van schepen.	Rijnvaartpolitiereglement 1995 Artikel 3.13	https://wetten.overheid.nl/BWBR0006923	2026-06-17	
q-rpr-nl-rijnvaartpolitiereglement1995arti-745df0ea	nl	optische_tekens	rule_mc	affirmative	Wat toont een in bedrijf zijnd drijvend werktuig op de Rijn overdag aan de zijde waar de doorvaart vrij is?	Het aanwijzingsbord E.1 of twee groene ruiten in een verticale lijn | Het verbodsbord A.1 of een rode bol | Een rood-witte vlag	A	RPR artikel 3.25, eerste lid onder a: aan de zijde waar de doorvaart vrij is wordt overdag het aanwijzingsbord E.1 of twee groene ruiten in een verticale lijn getoond.	Rijnvaartpolitiereglement 1995 Artikel 3.25	https://wetten.overheid.nl/BWBR0006923	2026-06-17	
q-binnenvaartbesluit-nl-binnenvaartbesluit-06a33a55	nl	vaarbewijs	rule_mc	affirmative	Voor welke pleziervaartuigen geldt de eis van een kwalificatiecertificaat schipper vanwege de lengte niet?	Voor pleziervaartuigen met een lengte van minder dan 25 meter | Voor pleziervaartuigen met een lengte van minder dan 20 meter | Voor alle pleziervaartuigen ongeacht hun lengte	A	Binnenvaartbesluit artikel 14, derde lid: het eerste lid onder a is niet van toepassing op pleziervaartuigen met een lengte van minder dan 25 meter.	Binnenvaartbesluit Artikel 14	https://wetten.overheid.nl/BWBR0025631	2025-06-01	
q-binnenvaartbesluit-nl-binnenvaartbesluit-95910ad8	nl	vaarbewijs	rule_mc	affirmative	Vanaf welke lengte is voor een schip een kwalificatiecertificaat schipper vereist?	Vanaf een lengte van ten minste 20 meter | Vanaf een lengte van ten minste 15 meter | Vanaf een lengte van ten minste 25 meter	A	Binnenvaartbesluit artikel 14, eerste lid onder a: een kwalificatiecertificaat schipper is vereist voor schepen met een lengte van ten minste 20 meter.	Binnenvaartbesluit Artikel 14	https://wetten.overheid.nl/BWBR0025631	2025-06-01	
q-binnenvaartbesluit-nl-binnenvaartbesluit-d79ca0b9	nl	vaarbewijs	rule_mc	affirmative	Voor welke pleziervaartuigen is een klein vaarbewijs vereist?	Voor pleziervaartuigen met een lengte van ten minste 15 meter en minder dan 25 meter | Voor pleziervaartuigen met een lengte van ten minste 10 meter en minder dan 20 meter | Voor alle pleziervaartuigen ongeacht hun lengte	A	Binnenvaartbesluit artikel 16, eerste lid onder b: een klein vaarbewijs is vereist voor pleziervaartuigen met een lengte van ten minste 15 en minder dan 25 meter.	Binnenvaartbesluit Artikel 16	https://wetten.overheid.nl/BWBR0025631	2025-06-01	
q-binnenvaartbesluit-nl-binnenvaartbesluit-e419bf06	nl	vaarbewijs	rule_mc	affirmative	Vanaf welke snelheid is voor een schip korter dan 15 meter een klein vaarbewijs vereist?	Vanaf een snelheid van meer dan 20 kilometer per uur ten opzichte van het water | Vanaf een snelheid van meer dan 13 kilometer per uur ten opzichte van het water | Vanaf een snelheid van meer dan 30 kilometer per uur ten opzichte van het water	A	Binnenvaartbesluit artikel 16, eerste lid onder d: een klein vaarbewijs is vereist voor schepen korter dan 15 meter die met de eigen mechanische voortstuwingsmiddelen meer dan 20 kilometer per uur ten opzichte van het water kunnen bereiken.	Binnenvaartbesluit Artikel 16	https://wetten.overheid.nl/BWBR0025631	2025-06-01	
q-binnenvaartwet-nl-binnenvaartwetartikel2-1e7113e3	nl	vaarbewijs	rule_mc	negative	Aan wie wordt geen vaarbewijs afgegeven?	Aan degene die de leeftijd van 18 jaar nog niet heeft bereikt | Aan degene die de leeftijd van 20 jaar heeft bereikt | Aan degene die de leeftijd van 21 jaar nog niet heeft bereikt	A	Binnenvaartwet artikel 27, eerste lid onder a: een vaarbewijs wordt niet afgegeven aan degene die de leeftijd van 18 jaar nog niet heeft bereikt (behoudens de uitzondering voor kwalificatiecertificaten van bemanningsleden die geen schipper zijn); de overige weigeringsgronden staan in de onderdelen b tot en met d.	Binnenvaartwet Artikel 27	https://wetten.overheid.nl/BWBR0023009	2025-06-01	
q-binnenvaartwet-nl-binnenvaartwetartikel2-e4786029	nl	vaarbewijs	rule_mc	negative	Wat is verboden volgens de Binnenvaartwet ten aanzien van het gebruik van een schip?	Een schip te gebruiken zonder dat aan de gezagvoerder het vereiste geldige vaarbewijs is afgegeven | Een schip te gebruiken zonder dat het is voorzien van een radarreflector | Een schip te gebruiken buiten de daglichtperiode zonder marifoon	A	Binnenvaartwet artikel 25, vierde lid: het is verboden een schip te gebruiken zonder dat aan de gezagvoerder het daarvoor vereiste geldige vaarbewijs of de vereiste specifieke vergunning is afgegeven.	Binnenvaartwet Artikel 25	https://wetten.overheid.nl/BWBR0023009	2025-06-01	
q-binnenvaartwet-nl-binnenvaartwetartikel2-ec04be44	nl	vaarbewijs	rule_mc	negative	Aan wie wordt verder geen vaarbewijs afgegeven?	Aan degene aan wie ingevolge artikel 35b van de Scheepvaartverkeerswet de bevoegdheid tot het voeren van schepen is ontzegd, gedurende de termijn van ontzegging | Aan degene die in de afgelopen vijf jaren geen vaartijd heeft opgebouwd | Aan degene die geen ingezetene van Nederland is	A	Binnenvaartwet artikel 27, eerste lid onder c: geen vaarbewijs wordt afgegeven aan degene aan wie de bevoegdheid tot het voeren van schepen is ontzegd, gedurende de termijn van ontzegging.	Binnenvaartwet Artikel 27	https://wetten.overheid.nl/BWBR0023009	2025-06-01	
q-svw-nl-scheepvaartverkeerswetartikel27-1-4ebdcbbd	nl	vaarbewijs	rule_mc	negative	Wat verbiedt de Scheepvaartverkeerswet aan degene die een varend schip voert of stuurt?	Dit te doen onder zodanige invloed van een stof dat hij niet in staat moet worden geacht het schip naar behoren te voeren of te sturen | Dit te doen zonder een marifoon aan boord | Dit te doen buiten de daglichtperiode	A	SVW artikel 27, eerste lid: het is verboden een varend schip te voeren of te sturen onder zodanige invloed van een stof dat men niet in staat moet worden geacht het schip naar behoren te voeren of te sturen.	Scheepvaartverkeerswet Artikel 27	https://wetten.overheid.nl/BWBR0004364	2026-06-04	
q-svw-nl-scheepvaartverkeerswetartikel35a--0a74b3f9	nl	vaarbewijs	rule_mc	affirmative	Wat moet de houder van een vaarbewijs doen tegen wie proces-verbaal wordt opgemaakt wegens overtreding van een voorschrift als bedoeld in artikel 35b, eerste lid, in de gevallen bedoeld in artikel 35a, tweede lid, onderdelen a, b of c?	Zijn vaarbewijs op eerste vordering overhandigen aan de opsporingsambtenaar | Zijn vaarbewijs binnen veertien dagen opsturen naar het CBR | Zijn vaarbewijs laten vernietigen door de officier van justitie	A	SVW artikel 35a, eerste lid: in de gevallen van het tweede lid, onderdelen a, b of c, overhandigt de houder zijn vaarbewijs op eerste vordering aan de opsporingsambtenaar.	Scheepvaartverkeerswet Artikel 35a	https://wetten.overheid.nl/BWBR0004364	2026-06-04	
q-svw-nl-scheepvaartverkeerswetartikel35a--8d4c7dbe	nl	vaarbewijs	rule_mc	affirmative	Boven welk ademalcoholgehalte kan de officier van justitie een ingevorderd vaarbewijs onder zich houden?	Hoger dan 785 microgram alcohol per liter uitgeademde lucht | Hoger dan 220 microgram alcohol per liter uitgeademde lucht | Hoger dan 350 microgram alcohol per liter uitgeademde lucht	A	SVW artikel 35a, tweede lid onder a: dit geldt onder meer indien het alcoholgehalte van de adem hoger is dan 785 microgram alcohol per liter uitgeademde lucht, dan wel het bloedalcoholgehalte hoger dan 1,8 milligram per milliliter bloed.	Scheepvaartverkeerswet Artikel 35a	https://wetten.overheid.nl/BWBR0004364	2026-06-04	
q-svw-nl-scheepvaartverkeerswetartikel35b--2269e108	nl	vaarbewijs	rule_mc	affirmative	Wanneer kan de bevoegdheid tot het voeren van schepen voor ten hoogste tien jaren worden ontzegd?	Indien tijdens het feit nog geen vijf jaren zijn verlopen na het einde van een eerdere ontzegging wegens zo'n feit | Indien de schipper jonger is dan achttien jaren | Indien het schip een snelle motorboot is	A	SVW artikel 35b, tweede lid: is bij het plegen van het feit nog geen vijf jaren verlopen na een vroegere ontzegging wegens zo'n feit, dan kan de bevoegdheid voor ten hoogste tien jaren worden ontzegd.	Scheepvaartverkeerswet Artikel 35b	https://wetten.overheid.nl/BWBR0004364	2026-06-04	
q-svw-nl-scheepvaartverkeerswetartikel35b--de719915	nl	vaarbewijs	rule_mc	affirmative	Voor hoeveel jaren kan de bevoegdheid tot het voeren van schepen ten hoogste worden ontzegd?	Voor ten hoogste vijf jaren | Voor ten hoogste twee jaren | Voor ten hoogste tien jaren in alle gevallen	A	SVW artikel 35b, eerste lid: de bevoegdheid kan voor ten hoogste vijf jaren worden ontzegd; bij herhaling binnen vijf jaren ten hoogste tien jaren.	Scheepvaartverkeerswet Artikel 35b	https://wetten.overheid.nl/BWBR0004364	2026-06-04	
q-wvk-nl-wetboekvankoophandelartikel785-56-9402e054	nl	vaarbewijs	rule_mc	affirmative	Waartoe is de schipper verplicht wanneer zijn schip bij een aanvaring betrokken is geweest?	Aan de andere betrokken schepen en de personen aan boord daarvan de hulp te verlenen waartoe hij bij machte is zonder zijn eigen schip en opvarenden aan ernstig gevaar bloot te stellen | Onmiddellijk door te varen naar de dichtstbijzijnde haven om schade te melden | Uitsluitend de bevoegde autoriteit in te lichten en verder niets te doen	A	Wetboek van Koophandel artikel 785, eerste lid: de schipper is verplicht hulp te verlenen waartoe hij bij machte is zonder zijn eigen schip en de opvarenden daarvan aan ernstig gevaar bloot te stellen.	Wetboek van Koophandel Artikel 785	https://wetten.overheid.nl/BWBR0001838	2025-07-01	
q-wvk-nl-wetboekvankoophandelartikel785-56-ab1af7af	nl	vaarbewijs	rule_mc	affirmative	Welke gegevens moet de schipper na een aanvaring aan de andere betrokken schepen opgeven?	De naam van zijn schip, de plaats waar het thuisbehoort, de plaats vanwaar het komt en waarheen het bestemd is | Uitsluitend de naam en het adres van de eigenaar van het schip | Uitsluitend het nummer van zijn vaarbewijs	A	Wetboek van Koophandel artikel 785, tweede lid: de schipper moet de naam van zijn schip, de plaats waar het thuisbehoort en de plaats vanwaar het komt en waarheen het bestemd is opgeven, en inzage verstrekken van het bewijs van inschrijving in het register.	Wetboek van Koophandel Artikel 785	https://wetten.overheid.nl/BWBR0001838	2025-07-01	
q-bpr-nl-binnenvaartpolitiereglementartike-00141679	nl	vaarregels	rule_mc	affirmative	Op welk vaartuig is het artikel over vertrekken niet van toepassing?	Op een veerpont | Op een snel schip | Op een duwstel	A	BPR artikel 6.14, vijfde lid: dit artikel is niet van toepassing op en ten aanzien van een veerpont.	Binnenvaartpolitiereglement Artikel 6.14	https://wetten.overheid.nl/BWBR0003628	2026-06-17	
q-bpr-nl-binnenvaartpolitiereglementartike-00635197	nl	vaarregels	rule_mc	affirmative	Wat moet een afvarend klein schip doen ten opzichte van een opvarend groot schip op de Geldersche IJssel of de Maas?	Voorrang verlenen, bij voorkeur door voorbij te varen aan de zijde die het opvarende grote schip vrijlaat | Zijn koers en snelheid behouden en het grote schip laten uitwijken | Altijd stuurboord op stuurboord voorbijvaren	A	BPR artikel 6.05, zevende lid: een afvarend klein schip moet voorrang verlenen aan het opvarende grote schip, bij voorkeur door voorbij te varen aan de zijde die dit vrijlaat.	Binnenvaartpolitiereglement Artikel 6.05	https://wetten.overheid.nl/BWBR0003628	2026-06-17	
q-bpr-nl-binnenvaartpolitiereglementartike-06bf33d1	nl	vaarregels	rule_mc	affirmative	Wanneer vaart een schip volgens het BPR op radar?	Indien het gebruik maakt van radar voor het varen bij slecht zicht | Indien er een radarinstallatie aan boord staat, ook als die uit staat | Indien het uitluistert op het kanaal voor de nautische informatie	A	BPR artikel 6.29, tweede lid: een schip vaart op radar indien het gebruik maakt van radar voor het varen bij slecht zicht.	Binnenvaartpolitiereglement Artikel 6.29	https://wetten.overheid.nl/BWBR0003628	2026-06-17	
q-bpr-nl-binnenvaartpolitiereglementartike-08efee9a	nl	vaarregels	rule_mc	affirmative	Wanneer mag een veerpont vertrekken, keren of het vaarwater oversteken?	Slechts nadat hij zich ervan heeft vergewist dat dit zonder gevaar kan geschieden | Altijd, omdat een veerpont steeds voorrang heeft | Slechts na een geluidssein van drie lange stoten	A	BPR artikel 6.23, eerste lid: een veerpont mag slechts vertrekken, keren of het vaarwater oversteken nadat hij zich ervan heeft vergewist dat dit zonder gevaar kan geschieden.	Binnenvaartpolitiereglement Artikel 6.23	https://wetten.overheid.nl/BWBR0003628	2026-06-17	
q-bpr-nl-binnenvaartpolitiereglementartike-0ed51642	nl	vaarregels	rule_mc	affirmative	Tot welke ondergrens moet een schip zijn snelheid verminderen om hinderlijke waterbeweging te vermijden?	Niet beneden de snelheid die nodig is voor veilig sturen | Tot volledig stilliggen | Tot ten hoogste zes kilometer per uur	A	BPR artikel 6.20, eerste lid: het schip moet tijdig zijn snelheid verminderen, echter niet beneden de snelheid die nodig is voor veilig sturen.	Binnenvaartpolitiereglement Artikel 6.20	https://wetten.overheid.nl/BWBR0003628	2026-06-17	
q-bpr-nl-binnenvaartpolitiereglementartike-11d081a4	nl	vaarregels	rule_mc	affirmative	Wat moet een schip dat wordt opgelopen doen?	Het voorbijlopen voor zover nodig en mogelijk vergemakkelijken en zo nodig snelheid verminderen | Zijn snelheid verhogen zodat het voorbijlopen sneller voorbij is | Naar het midden van het vaarwater sturen	A	BPR artikel 6.09, tweede lid: het opgelopen schip moet het voorbijlopen voor zover nodig en mogelijk vergemakkelijken en snelheid verminderen indien dat nodig is.	Binnenvaartpolitiereglement Artikel 6.09	https://wetten.overheid.nl/BWBR0003628	2026-06-17	
q-bpr-nl-binnenvaartpolitiereglementartike-1269a2c7	nl	vaarregels	rule_mc	affirmative	Welk sein moet een veerpont in dat geval in plaats van één lange stoot geven?	Een lange stoot gevolgd door vier korte stoten | Vier korte stoten gevolgd door een lange stoot | Een reeks klokslagen van ongeveer vier seconden	A	BPR artikel 6.32, vijfde lid onder a: een veerpont moet in dat geval een lange stoot gevolgd door vier korte stoten geven.	Binnenvaartpolitiereglement Artikel 6.32	https://wetten.overheid.nl/BWBR0003628	2026-06-17	
q-bpr-nl-binnenvaartpolitiereglementartike-157f6482	nl	vaarregels	rule_mc	affirmative	Hoe dicht mag een schip een mijnenopruimingsschip dat de tekens van artikel 3.35 voert zo mogelijk niet naderen?	Niet dichter dan op een afstand van 1000 m | Niet dichter dan op een afstand van 100 m | Niet dichter dan op een afstand van 50 m	A	BPR artikel 6.18, derde lid: een schip moet een mijnenopruimingsschip zo mogelijk niet dichter naderen dan op een afstand van 1000 m.	Binnenvaartpolitiereglement Artikel 6.18	https://wetten.overheid.nl/BWBR0003628	2026-06-17	
q-bpr-nl-binnenvaartpolitiereglementartike-16892df8	nl	vaarregels	rule_mc	affirmative	Wat moet een klein schip doen dat een haven uitvaart en daarbij een hoofdvaarwater invaart of oversteekt?	Voorrang verlenen aan een groot schip | Medewerking verlangen van het grote schip | Drie korte stoten geven en doorvaren	A	BPR artikel 6.16, derde lid: een klein schip moet bij het uitvaren van een haven of nevenvaarwater voorrang verlenen aan een groot schip.	Binnenvaartpolitiereglement Artikel 6.16	https://wetten.overheid.nl/BWBR0003628	2026-06-17	
q-bpr-nl-binnenvaartpolitiereglementartike-1718c96a	nl	vaarregels	rule_mc	affirmative	Hoe maakt een groot schip overdag het verlangen kenbaar dat het voorbijvaren stuurboord op stuurboord geschiedt?	Door aan stuurboord een lichtblauw bord te tonen in combinatie met een wit helder rondom schijnend flikkerlicht | Door aan bakboord een lichtblauw bord te tonen | Door een groene wimpel aan stuurboord te tonen	A	BPR artikel 6.04a, derde lid onder b: het verlangen wordt overdag kenbaar gemaakt door aan stuurboord een lichtblauw bord te tonen in combinatie met een wit helder rondom schijnend flikkerlicht.	Binnenvaartpolitiereglement Artikel 6.04a	https://wetten.overheid.nl/BWBR0003628	2026-06-17	
q-bpr-nl-binnenvaartpolitiereglementartike-1ae154f6	nl	vaarregels	rule_mc	affirmative	Twee kleine motorschepen naderen elkaar op tegengestelde koersen en geen van beide volgt de stuurboordszijde van het vaarwater. Wat moeten zij doen?	Elk van beide wijkt naar stuurboord uit, zodat zij elkaar bakboord op bakboord voorbijvaren | Elk van beide wijkt naar bakboord uit, zodat zij elkaar stuurboord op stuurboord voorbijvaren | Het schip dat van stuurboord nadert houdt koers en snelheid, het andere wijkt uit	A	BPR artikel 6.04, zevende lid: twee kleine motorschepen wijken elk naar stuurboord uit en varen elkaar bakboord op bakboord voorbij.	Binnenvaartpolitiereglement Artikel 6.04	https://wetten.overheid.nl/BWBR0003628	2026-06-17	
q-bpr-nl-binnenvaartpolitiereglementartike-1b0742d3	nl	vaarregels	rule_mc	affirmative	Wat moet tijdens het varen met een snelle motorboot aan boord aanwezig zijn?	Het registratiebewijs | Het bewijs van verzekering | Een afschrift van bijlage 15 van het reglement	A	BPR artikel 8.01, tweede lid: het registratiebewijs moet tijdens het varen met een snelle motorboot aan boord aanwezig zijn.	Binnenvaartpolitiereglement Artikel 8.01	https://wetten.overheid.nl/BWBR0003628	2026-06-17	
q-bpr-nl-binnenvaartpolitiereglementartike-1bf4afdf	nl	vaarregels	rule_mc	affirmative	Welk mistsein moet een niet op radar varend alleenvarend schip geven, en met welke tussenpozen?	Eén lange stoot, herhaald met tussenpozen van ten hoogste één minuut | Twee lange stoten, herhaald met tussenpozen van ten hoogste twee minuten | Een reeks korte stoten, herhaald met tussenpozen van ten hoogste dertig seconden	A	BPR artikel 6.33, eerste lid onder a: het mistsein is één lange stoot, te herhalen met tussenpozen van ten hoogste één minuut.	Binnenvaartpolitiereglement Artikel 6.33	https://wetten.overheid.nl/BWBR0003628	2026-06-17	
q-bpr-nl-binnenvaartpolitiereglementartike-1f501666	nl	vaarregels	rule_mc	affirmative	Wat moet een schip bij slecht zicht doen wanneer de vaart niet zonder gevaar kan worden voortgezet?	Op de dichtstbijzijnde daarvoor geschikte plaats gaan stilliggen en het vaarwater zoveel mogelijk vrijmaken | De snelheid verhogen om zo snel mogelijk een haven te bereiken | Midden in het vaarwater blijven liggen met het ankerlicht aan	A	BPR artikel 6.30, derde en vierde lid: het schip moet op de dichtstbijzijnde daarvoor geschikte plaats gaan stilliggen en daarbij het vaarwater zoveel mogelijk vrijmaken.	Binnenvaartpolitiereglement Artikel 6.30	https://wetten.overheid.nl/BWBR0003628	2026-06-17	
q-bpr-nl-binnenvaartpolitiereglementartike-223cb9da	nl	vaarregels	rule_mc	affirmative	Wie draagt er mede zorg voor dat niet in strijd met de artikelen 8.01, 8.02 en 8.03 wordt gehandeld?	De eigenaar of houder van de snelle motorboot | Uitsluitend de bestuurder tijdens het varen | De instelling die het registratieteken heeft toegekend	A	BPR artikel 8.04: de eigenaar of houder van een snelle motorboot draagt er mede zorg voor dat niet in strijd met de artikelen 8.01, 8.02 en 8.03 wordt gehandeld.	Binnenvaartpolitiereglement Artikel 8.04	https://wetten.overheid.nl/BWBR0003628	2026-06-17	
q-bpr-nl-binnenvaartpolitiereglementartike-2d8d9114	nl	vaarregels	rule_mc	affirmative	Wat moet het schip doen dat voorrang krijgt van een ander schip?	Zijn koers en zijn snelheid behouden | Zo snel mogelijk naar stuurboord uitwijken | De snelheid verminderen tot het andere schip voorbij is	A	BPR artikel 6.03, vijfde lid: wanneer een schip voorrang moet verlenen, moet het andere schip zijn koers en zijn snelheid behouden.	Binnenvaartpolitiereglement Artikel 6.03	https://wetten.overheid.nl/BWBR0003628	2026-06-17	
q-bpr-nl-binnenvaartpolitiereglementartike-32727dd3	nl	vaarregels	rule_mc	affirmative	Wat betekenen twee groene vaste lichten boven elkaar bij de invaartopening van een sluis?	Het invaren is toegestaan, de sluis is aan beide zijden open en wordt niet bediend | Het invaren is toegestaan, maar de sluis wordt bediend | Het invaren is verboden, maar dit zal aanstonds worden toegestaan	A	BPR artikel 6.28a, eerste lid onder e: twee groene vaste lichten boven elkaar betekenen dat het invaren is toegestaan en de sluis aan beide zijden open staat en niet wordt bediend.	Binnenvaartpolitiereglement Artikel 6.28a	https://wetten.overheid.nl/BWBR0003628	2026-06-17	
q-bpr-nl-binnenvaartpolitiereglementartike-33dac716	nl	vaarregels	rule_mc	negative	Waar mag een schip zich niet begeven ten opzichte van een sleep?	In de tussenruimten tussen de lengten van een sleep | Binnen honderd meter achter een sleep | Aan de loefzijde van een sleep	A	BPR artikel 6.15: een schip mag zich niet in de tussenruimten tussen de lengten van een sleep begeven.	Binnenvaartpolitiereglement Artikel 6.15	https://wetten.overheid.nl/BWBR0003628	2026-06-17	
q-bpr-nl-binnenvaartpolitiereglementartike-346f5f39	nl	vaarregels	rule_mc	affirmative	Wat betekent één rood vast licht bij de doorvaartopening van een beweegbare brug?	Het doorvaren is verboden, de brug wordt bediend | Het doorvaren is verboden, de brug wordt niet bediend | Het doorvaren is toegestaan	A	BPR artikel 6.26, vierde lid onder b: één rood vast licht (teken A.1) betekent dat het doorvaren verboden is en de brug wordt bediend.	Binnenvaartpolitiereglement Artikel 6.26	https://wetten.overheid.nl/BWBR0003628	2026-06-17	
q-bpr-nl-binnenvaartpolitiereglementartike-34d0d6b6	nl	vaarregels	rule_mc	affirmative	Wat moet een klein schip bij het keren doen ten opzichte van een groot schip?	Voorrang verlenen aan het grote schip | Medewerking verlangen van het grote schip | Zijn koers en snelheid behouden	A	BPR artikel 6.13, derde lid: een klein schip moet bij het keren voorrang verlenen aan een groot schip.	Binnenvaartpolitiereglement Artikel 6.13	https://wetten.overheid.nl/BWBR0003628	2026-06-17	
q-bpr-nl-binnenvaartpolitiereglementartike-3a9ef630	nl	vaarregels	rule_mc	negative	Waar zijn zwemmen en watersport zonder schip volgens het BPR verboden?	Op een wachtplaats of in de onmiddellijke nabijheid van een brug, een sluis of een stuw, en in gedeelten van de vaarweg bestemd voor de doorgaande scheepvaart | Uitsluitend in havens die door de bevoegde autoriteit zijn aangewezen | Uitsluitend tussen zonsondergang en zonsopgang	A	BPR artikel 8.08, tweede lid: zwemmen en watersport zonder schip zijn onder meer verboden op een wachtplaats, nabij een brug, sluis of stuw, in de doorgaande vaarweg, in routes van veerponten en in havens.	Binnenvaartpolitiereglement Artikel 8.08	https://wetten.overheid.nl/BWBR0003628	2026-06-17	
q-bpr-nl-binnenvaartpolitiereglementartike-3d2e6287	nl	vaarregels	rule_mc	affirmative	Wat moet een schip bij slecht zicht doen op de in bijlage 9 vermelde vaarwegen?	Op radar varen; kan het niet op radar varen, dan moet het op de dichtstbijzijnde geschikte plaats gaan stilliggen | Uitsluitend een mistsein geven en de vaart voortzetten | De snelheid verdubbelen om het slechte zicht snel achter zich te laten	A	BPR artikel 6.29, derde lid: op de in bijlage 9 vermelde vaarwegen moet een schip bij slecht zicht op radar varen; kan het dat niet, dan moet het gaan stilliggen.	Binnenvaartpolitiereglement Artikel 6.29	https://wetten.overheid.nl/BWBR0003628	2026-06-17	
q-bpr-nl-binnenvaartpolitiereglementartike-3ed70b73	nl	vaarregels	rule_mc	affirmative	Wat moet het schip doen zodra te vrezen is dat zijn verlangen door het andere schip niet is begrepen?	Een geluidssein van twee korte stoten geven | Een geluidssein van één korte stoot geven | Een reeks klokslagen geven	A	BPR artikel 6.04a, vijfde lid: het schip moet dan een geluidssein van twee korte stoten geven; het andere schip antwoordt met twee korte stoten.	Binnenvaartpolitiereglement Artikel 6.04a	https://wetten.overheid.nl/BWBR0003628	2026-06-17	
q-bpr-nl-binnenvaartpolitiereglementartike-3ef49033	nl	vaarregels	rule_mc	affirmative	Wat is volgens het BPR een opvarend schip?	Een schip dat vaart in de richting van de bronnen van de rivier | Een schip dat vaart vanaf de richting van de bronnen van de rivier | Een schip dat gaat varen nadat het heeft stilgelegen	A	BPR artikel 6.01, eerste lid onder f: een opvarend schip is een schip dat vaart in de richting van de bronnen van de rivier.	Binnenvaartpolitiereglement Artikel 6.01	https://wetten.overheid.nl/BWBR0003628	2026-06-17	
q-bpr-nl-binnenvaartpolitiereglementartike-3f0e12dc	nl	vaarregels	rule_mc	affirmative	Waarvoor moet de schipper onmiddellijk zorg dragen wanneer hij het in artikel 4.04 bedoelde sein hoort?	Dat ramen en andere openingen worden gesloten, onbeschermd licht en open vuur worden gedoofd en niet meer wordt gerookt | Dat alle motoren op vol vermogen blijven draaien | Dat de bemanning aan dek komt om uitkijk te houden	A	BPR artikel 6.19, tweede lid: de schipper draagt onmiddellijk zorg dat alle ramen en openingen worden gesloten, onbeschermd licht en open vuur worden gedoofd en dat niet meer wordt gerookt.	Binnenvaartpolitiereglement Artikel 6.19	https://wetten.overheid.nl/BWBR0003628	2026-06-17	
q-bpr-nl-binnenvaartpolitiereglementartike-413fd657	nl	vaarregels	rule_mc	affirmative	Aan welke zijde moet de oploper in beginsel voorbijlopen?	Aan bakboord van de opgelopene | Aan stuurboord van de opgelopene | Steeds aan de zijde waar de meeste ruimte is, ongeacht bakboord of stuurboord	A	BPR artikel 6.10, eerste lid: in beginsel moet de oploper aan bakboord van de opgelopene voorbijlopen; is daartoe ruimte, dan mag hij aan stuurboord voorbijlopen.	Binnenvaartpolitiereglement Artikel 6.10	https://wetten.overheid.nl/BWBR0003628	2026-06-17	
q-bpr-nl-binnenvaartpolitiereglementartike-414fa108	nl	vaarregels	rule_mc	affirmative	Wat moet een op radar varend schip doen wanneer met de andere schepen geen marifooncontact tot stand komt?	Eén lange stoot geven, de snelheid verminderen en zo nodig stilhouden | Twee korte stoten geven en de vaart voortzetten | Het radarbeeld uitschakelen en op zicht verder varen	A	BPR artikel 6.32, vijfde lid: komt geen marifooncontact tot stand, dan geeft het op radar varende schip één lange stoot en vermindert het de snelheid en houdt zo nodig stil.	Binnenvaartpolitiereglement Artikel 6.32	https://wetten.overheid.nl/BWBR0003628	2026-06-17	
q-bpr-nl-binnenvaartpolitiereglementartike-41dc9b29	nl	vaarregels	rule_mc	affirmative	Wat moet een persoon die zwemt in acht nemen ten opzichte van een varend schip?	Voldoende afstand houden van een varend schip, een varend drijvend voorwerp of een drijvend werktuig in bedrijf | Zich uitsluitend achter het schip ophouden | Uitsluitend met een oranje badmuts zwemmen	A	BPR artikel 8.08, eerste lid: wie zwemt of op andere wijze watersport bedrijft zonder schip moet voldoende afstand houden van een varend schip of drijvend voorwerp dan wel een drijvend werktuig in bedrijf.	Binnenvaartpolitiereglement Artikel 8.08	https://wetten.overheid.nl/BWBR0003628	2026-06-17	
q-bpr-nl-binnenvaartpolitiereglementartike-45388a03	nl	vaarregels	rule_mc	affirmative	Wat betekent het teken A.8 in een vak van of op een plaats in de vaarweg?	Daar mag een schip niet keren | Daar kunnen schepen keren | Daar is voorbijlopen verboden	A	BPR artikel 6.13, zesde lid: in een vak van of op een plaats in de vaarweg aangeduid door het teken A.8 mag een schip niet keren.	Binnenvaartpolitiereglement Artikel 6.13	https://wetten.overheid.nl/BWBR0003628	2026-06-17	
q-bpr-nl-binnenvaartpolitiereglementartike-45efe844	nl	vaarregels	rule_mc	affirmative	Met welk geluidssein kan een schip het verzoek tot het bedienen van een sluis kenbaar maken?	Eén lange stoot gevolgd door één korte stoot en één lange stoot | Drie korte stoten kort na elkaar | Een reeks zeer korte stoten	A	BPR artikel 6.28, vierde lid: het verzoek tot bedienen van een sluis wordt kenbaar gemaakt door één lange stoot gevolgd door één korte stoot en één lange stoot, dan wel door roepen.	Binnenvaartpolitiereglement Artikel 6.28	https://wetten.overheid.nl/BWBR0003628	2026-06-17	
q-bpr-nl-binnenvaartpolitiereglementartike-477753b1	nl	vaarregels	rule_mc	affirmative	Wat moet een schip doen dat het in artikel 4.04 bedoelde sein hoort en een koers in de richting van het gevaarsgebied voorligt?	Zich zover mogelijk van het gevaarsgebied verwijderd houden en zo nodig keren | De vaart met een zo groot mogelijke snelheid vervolgen | Onmiddellijk ankeren op de plaats waar het zich bevindt	A	BPR artikel 6.19, eerste lid onder a: een schip dat het sein hoort en een koers in de richting van het gevaarsgebied voorligt moet zich zover mogelijk verwijderd houden en zo nodig keren.	Binnenvaartpolitiereglement Artikel 6.19	https://wetten.overheid.nl/BWBR0003628	2026-06-17	
q-bpr-nl-binnenvaartpolitiereglementartike-487e512a	nl	vaarregels	rule_mc	affirmative	Wat betekent het teken A.1 boven de doorvaartopening van een vaste brug?	Een schip mag niet door die doorvaartopening varen | Een schip mag daar uitsluitend met verminderde snelheid doorvaren | De doorvaart is vrij uit beide richtingen	A	BPR artikel 6.25, eerste lid: een schip mag niet varen door de doorvaartopening van een vaste brug waarboven het teken A.1 wordt getoond.	Binnenvaartpolitiereglement Artikel 6.25	https://wetten.overheid.nl/BWBR0003628	2026-06-17	
q-bpr-nl-binnenvaartpolitiereglementartike-655f15a5	nl	vaarregels	rule_mc	affirmative	Aan welke zijde van het vaarwater moet een varend schip bij slecht zicht zoveel mogelijk varen?	Aan de stuurboordszijde van het vaarwater | Aan de bakboordszijde van het vaarwater | Zoveel mogelijk in het midden van het vaarwater	A	BPR artikel 6.30, tweede lid: een varend schip moet bij slecht zicht zoveel mogelijk aan de stuurboordszijde van het vaarwater varen.	Binnenvaartpolitiereglement Artikel 6.30	https://wetten.overheid.nl/BWBR0003628	2026-06-17	
q-bpr-nl-binnenvaartpolitiereglementartike-6c2b870c	nl	vaarregels	rule_mc	affirmative	Wat moet de bestuurder van een snelle motorboot tijdens het varen doen?	Gezeten zijn op de voor hem bestemde zitplaats en te allen tijde gebruik maken van de technische inrichting, bedoeld in artikel 8.03, onderdeel d | Staande varen met vrij uitzicht naar alle zijden | Uitsluitend een reddingsvest dragen en verder vrij bewegen	A	BPR artikel 8.05, eerste lid: de bestuurder moet gezeten zijn op de voor hem bestemde zitplaats en te allen tijde gebruik maken van de technische inrichting bedoeld in artikel 8.03 onder d.	Binnenvaartpolitiereglement Artikel 8.05	https://wetten.overheid.nl/BWBR0003628	2026-06-17	
q-bpr-nl-binnenvaartpolitiereglementartike-6ecc63b0	nl	vaarregels	rule_mc	affirmative	Waarvoor moet de bestuurder van een snelle motorboot verder zorg dragen?	Dat de motor geen onnodige geluidhinder veroorzaakt en dat een stilliggende motor niet onnodig lang in werking blijft | Dat de motor voortdurend op vol vermogen draait | Dat het registratieteken tijdens het varen wordt afgedekt	A	BPR artikel 8.05, tweede en derde lid: de bestuurder draagt zorg dat de motor geen onnodige geluidhinder veroorzaakt en dat de motor van een stilliggende snelle motorboot niet onnodig lang of zonder redelijk doel in werking wordt gehouden.	Binnenvaartpolitiereglement Artikel 8.05	https://wetten.overheid.nl/BWBR0003628	2026-06-17	
q-bpr-nl-binnenvaartpolitiereglementartike-721c05fc	nl	vaarregels	rule_mc	affirmative	Onder welke voorwaarde mogen schepen elkaar voorbijvaren op tegengestelde koersen of elkaar voorbijlopen?	Slechts indien het vaarwater voldoende ruimte biedt voor gelijktijdige doorvaart | Altijd, zolang beide schepen hun stuurboordswal houden | Slechts na een afspraak per marifoon	A	BPR artikel 6.03, eerste lid: voorbijvaren en voorbijlopen mag slechts indien het vaarwater voldoende ruimte biedt voor gelijktijdige doorvaart.	Binnenvaartpolitiereglement Artikel 6.03	https://wetten.overheid.nl/BWBR0003628	2026-06-17	
q-bpr-nl-binnenvaartpolitiereglementartike-735cd742	nl	vaarregels	rule_mc	affirmative	Is waterskiën volgens het BPR toegestaan?	Nee, het is verboden, maar de bevoegde autoriteit kan vaarwegen aanwijzen waar het verbod overdag niet geldt | Ja, overal waar snel varen is toegestaan | Ja, mits de waterskiër een reddingsvest draagt	A	BPR artikel 8.06, tweede lid: waterskiën is verboden; de bevoegde autoriteit kan vaarwegen of gedeelten daarvan aanwijzen waarop dit verbod overdag niet van toepassing is.	Binnenvaartpolitiereglement Artikel 8.06	https://wetten.overheid.nl/BWBR0003628	2026-06-17	
q-bpr-nl-binnenvaartpolitiereglementartike-786ed60e	nl	vaarregels	rule_mc	affirmative	De koersen van twee grote motorschepen kruisen elkaar en geen van beide volgt de stuurboordszijde van het vaarwater. Wie moet voorrang verlenen?	Het schip dat van bakboord nadert verleent voorrang aan het schip dat van stuurboord nadert | Het schip dat van stuurboord nadert verleent voorrang aan het schip dat van bakboord nadert | Het snelste van de twee schepen verleent voorrang	A	BPR artikel 6.17, vierde lid: bij kruisende koersen van twee grote motorschepen verleent het schip dat van bakboord nadert voorrang aan het schip dat van stuurboord nadert.	Binnenvaartpolitiereglement Artikel 6.17	https://wetten.overheid.nl/BWBR0003628	2026-06-17	
q-bpr-nl-binnenvaartpolitiereglementartike-8064e35f	nl	vaarregels	rule_mc	affirmative	Wat moet een klein schip bij het vertrekken doen ten opzichte van een groot schip?	Voorrang verlenen aan het grote schip | Medewerking verlangen van het grote schip | Een lange stoot geven en vertrekken	A	BPR artikel 6.14, derde lid: een klein schip moet bij het vertrekken voorrang verlenen aan een groot schip.	Binnenvaartpolitiereglement Artikel 6.14	https://wetten.overheid.nl/BWBR0003628	2026-06-17	
q-bpr-nl-binnenvaartpolitiereglementartike-86ac76ae	nl	vaarregels	rule_mc	affirmative	Is een niet op radar varend klein schip verplicht het mistsein te geven?	Nee, het is niet verplicht, maar het mag dit sein geven en herhalen | Ja, met tussenpozen van ten hoogste één minuut | Ja, maar alleen op de in bijlage 9 vermelde vaarwegen	A	BPR artikel 6.33, derde lid: een niet op radar varend klein schip is niet verplicht het mistsein te geven, maar het mag dit sein geven en het sein mag worden herhaald.	Binnenvaartpolitiereglement Artikel 6.33	https://wetten.overheid.nl/BWBR0003628	2026-06-17	
q-bpr-nl-binnenvaartpolitiereglementartike-900fffd3	nl	vaarregels	rule_mc	affirmative	Wat betekent het teken D.1 b boven de doorvaartopening van een vaste brug?	Het wordt aanbevolen bij voorkeur van die opening gebruik te maken; de doorvaart uit tegenovergestelde richting is verboden | De doorvaartopening is vrij voor de doorvaart uit beide richtingen | Het doorvaren is verboden zolang de brug niet wordt bediend	A	BPR artikel 6.25, tweede lid: bij het teken D.1 b wordt aanbevolen bij voorkeur van deze doorvaartopening gebruik te maken en is de doorvaart uit tegenovergestelde richting verboden.	Binnenvaartpolitiereglement Artikel 6.25	https://wetten.overheid.nl/BWBR0003628	2026-06-17	
q-bpr-nl-binnenvaartpolitiereglementartike-951b2d6c	nl	vaarregels	rule_mc	affirmative	Welke minimumafmetingen heeft het registratieteken van een snelle motorboot?	Een hoogte van ten minste 150 mm, een breedte van ten minste 100 mm en een stamdikte van ten minste 20 mm | Een hoogte van ten minste 100 mm, een breedte van ten minste 60 mm en een stamdikte van ten minste 15 mm | Een hoogte van ten minste 200 mm, een breedte van ten minste 150 mm en een stamdikte van ten minste 30 mm	A	BPR artikel 8.02, eerste lid: het registratieteken heeft een hoogte van ten minste 150 mm, een breedte van ten minste 100 mm en een stamdikte van ten minste 20 mm.	Binnenvaartpolitiereglement Artikel 8.02	https://wetten.overheid.nl/BWBR0003628	2026-06-17	
q-bpr-nl-binnenvaartpolitiereglementartike-95d2f9bd	nl	vaarregels	rule_mc	affirmative	Wat betekent het teken B.9 langs een haven vóór de uitmonding daarvan in het hoofdvaarwater?	Een schip dat uit die haven komt moet voorrang verlenen aan een schip op het hoofdvaarwater | Een schip op het hoofdvaarwater moet voorrang verlenen aan een schip uit die haven | Het uitvaren van die haven is geheel verboden	A	BPR artikel 6.16, achtste lid: wordt het teken B.9 getoond, dan moet een schip dat uit de haven of het nevenvaarwater komt voorrang verlenen aan een schip op het hoofdvaarwater.	Binnenvaartpolitiereglement Artikel 6.16	https://wetten.overheid.nl/BWBR0003628	2026-06-17	
q-bpr-nl-binnenvaartpolitiereglementartike-977bbe13	nl	vaarregels	rule_mc	affirmative	Aan welke zijde moet een klein zeilschip dat een ander zeilschip oploopt zo mogelijk voorbijlopen?	Aan loef | Aan lij | Steeds aan bakboord	A	BPR artikel 6.10, tweede lid: een groot zeilschip dat een ander groot zeilschip oploopt en een klein zeilschip dat een ander zeilschip oploopt moet zo mogelijk aan loef voorbijlopen.	Binnenvaartpolitiereglement Artikel 6.10	https://wetten.overheid.nl/BWBR0003628	2026-06-17	
q-bpr-nl-binnenvaartpolitiereglementartike-9b963ab9	nl	vaarregels	rule_mc	affirmative	De koersen van een groot schip en een klein schip kruisen elkaar en geen van beide volgt de stuurboordszijde van het vaarwater. Wie moet voorrang verlenen?	Het kleine schip verleent voorrang aan het grote schip | Het grote schip verleent voorrang aan het kleine schip | Het schip dat van stuurboord nadert verleent voorrang	A	BPR artikel 6.17, derde lid: bij kruisende koersen van een groot en een klein schip verleent het kleine schip voorrang aan het grote schip.	Binnenvaartpolitiereglement Artikel 6.17	https://wetten.overheid.nl/BWBR0003628	2026-06-17	
q-bpr-nl-binnenvaartpolitiereglementartike-9fb7394a	nl	vaarregels	rule_mc	affirmative	Wat moet een schip in een sluis met zijn ankers doen?	De ankers geheel voorhalen | Het bakboordanker laten vallen | De ankers op de bodem laten slepen om vaart te minderen	A	BPR artikel 6.28, zevende lid: in een sluis moet een schip zijn ankers geheel voorhalen; dezelfde verplichting geldt op een wachtplaats voor zover de ankers niet worden gebruikt.	Binnenvaartpolitiereglement Artikel 6.28	https://wetten.overheid.nl/BWBR0003628	2026-06-17	
q-bpr-nl-binnenvaartpolitiereglementartike-a2fc78bf	nl	vaarregels	rule_mc	affirmative	Welke schepen hebben recht op voorschutting?	Schepen van ambtenaren belast met toezicht of opsporing en brandweerboten die om spoedeisende redenen van dienstvervulling onderweg zijn | Alle passagiersschepen met een geregelde dienst | Alle schepen die als eerste op de wachtplaats zijn aangekomen	A	BPR artikel 6.28b, eerste lid: recht op voorschutting hebben schepen van ambtenaren belast met toezicht of opsporing en brandweerboten die om spoedeisende redenen onderweg zijn, en schepen waaraan de bevoegde autoriteit dit recht heeft verleend.	Binnenvaartpolitiereglement Artikel 6.28b	https://wetten.overheid.nl/BWBR0003628	2026-06-17	
q-bpr-nl-binnenvaartpolitiereglementartike-a6ef3bb9	nl	vaarregels	rule_mc	affirmative	Waar moet het registratieteken van een snelle motorboot zijn aangebracht?	Goed waarneembaar en in een van de ondergrond afwijkende kleur aan weerszijden van de boot | Uitsluitend op het achterschip, boven de waterlijn | In de stuurhut, zichtbaar vanaf de zitplaats van de bestuurder	A	BPR artikel 8.02, eerste lid: het teken moet goed waarneembaar en in een van de ondergrond afwijkende kleur aan weerszijden van de boot zijn aangebracht.	Binnenvaartpolitiereglement Artikel 8.02	https://wetten.overheid.nl/BWBR0003628	2026-06-17	
q-bpr-nl-binnenvaartpolitiereglementartike-aa6c85fe	nl	vaarregels	rule_mc	affirmative	Op welke plaats moet een schip zijn snelheid verminderen ter voorkoming van hinderlijke waterbeweging?	Voor een havenmond en in de nabijheid van een veerpont die dienst doet | Uitsluitend in een sluis | Uitsluitend op een vaarweg waar stroom loopt	A	BPR artikel 6.20, eerste lid: de snelheid moet onder meer worden verminderd voor een havenmond en in de nabijheid van een veerpont die dienst doet.	Binnenvaartpolitiereglement Artikel 6.20	https://wetten.overheid.nl/BWBR0003628	2026-06-17	
q-bpr-nl-binnenvaartpolitiereglementartike-b2020653	nl	vaarregels	rule_mc	affirmative	Waaraan herkent u een schip dat recht op voorschutting heeft?	Aan de rode wimpel, bedoeld in artikel 3.17 | Aan een lichtblauw bord aan stuurboord | Aan twee groene lichten boven elkaar	A	BPR artikel 6.28b, tweede lid: een schip moet voorrang verlenen aan een schip dat recht op voorschutting heeft en de rode wimpel voert, bedoeld in artikel 3.17.	Binnenvaartpolitiereglement Artikel 6.28b	https://wetten.overheid.nl/BWBR0003628	2026-06-17	
q-bpr-nl-binnenvaartpolitiereglementartike-b28d3cad	nl	vaarregels	rule_mc	affirmative	Welk teken toont een opvarend groot schip dat aan stuurboord voor het afvarende schip de weg vrijlaat, overdag?	Een lichtblauw bord in combinatie met een wit helder rondom schijnend flikkerlicht | Een zwarte bol op het voorschip | Een rode wimpel aan stuurboord	A	BPR artikel 6.05, vierde lid: overdag toont het opvarende grote schip aan stuurboord een lichtblauw bord in combinatie met een wit helder rondom schijnend flikkerlicht.	Binnenvaartpolitiereglement Artikel 6.05	https://wetten.overheid.nl/BWBR0003628	2026-06-17	
q-bpr-nl-binnenvaartpolitiereglementartike-b3180d19	nl	vaarregels	rule_mc	affirmative	Wat betekent een rood vast licht met daaronder een groen vast licht bij een beweegbare brug?	Het doorvaren is verboden, maar dit zal aanstonds worden toegestaan | Het doorvaren is in beide richtingen toegestaan | Het doorvaren is verboden, de brug wordt niet bediend	A	BPR artikel 6.26, vierde lid onder c: een rood vast licht met daaronder een groen vast licht (teken A.11) betekent dat het doorvaren verboden is maar aanstonds zal worden toegestaan.	Binnenvaartpolitiereglement Artikel 6.26	https://wetten.overheid.nl/BWBR0003628	2026-06-17	
q-bpr-nl-binnenvaartpolitiereglementartike-bbef7ae1	nl	vaarregels	rule_mc	affirmative	Binnen welke afstand mag een schip, behalve bij voorbijlopen en voorbijvaren, niet varen van een schip dat de tekens van artikel 3.14, tweede en derde lid voert?	Binnen een afstand van 50 m | Binnen een afstand van 10 m | Binnen een afstand van 1000 m	A	BPR artikel 6.18, tweede lid: behalve bij voorbijlopen en voorbijvaren mag een schip niet varen binnen een afstand van 50 m van een schip dat deze tekens voert.	Binnenvaartpolitiereglement Artikel 6.18	https://wetten.overheid.nl/BWBR0003628	2026-06-17	
q-bpr-nl-binnenvaartpolitiereglementartike-bcd7a4c3	nl	vaarregels	rule_mc	affirmative	Wat betekent het teken A.10 bij de doorvaartopening van een brug of stuw?	Een schip mag in die doorvaartopening niet varen buiten de begrenzing die de twee borden aanduiden | Het doorvaren van die opening is geheel verboden | Het wordt aanbevolen bij voorkeur van die opening gebruik te maken	A	BPR artikel 6.24, tweede lid onder a: bij het teken A.10 mag een schip niet varen buiten de begrenzing die door de twee borden wordt aangeduid.	Binnenvaartpolitiereglement Artikel 6.24	https://wetten.overheid.nl/BWBR0003628	2026-06-17	
q-bpr-nl-binnenvaartpolitiereglementartike-c23ecaf5	nl	vaarregels	rule_mc	affirmative	Welke technische inrichting moet een snelle motorboot hebben?	Een inrichting waardoor bij het onderbreken van de besturing de middelen tot voortbeweging onmiddellijk tot stilstand of nagenoeg tot stilstand komen | Een inrichting die de motor na tien minuten stilliggen automatisch afslaat | Een inrichting die het registratieteken verlicht	A	BPR artikel 8.03 onder d: de boot moet zijn voorzien van een technische inrichting waardoor bij het onderbreken van de besturing de voortstuwing onmiddellijk tot stilstand of nagenoeg tot stilstand komt; deze eis geldt niet voor een gesloten binnenbesturing.	Binnenvaartpolitiereglement Artikel 8.03	https://wetten.overheid.nl/BWBR0003628	2026-06-17	
q-bpr-nl-binnenvaartpolitiereglementartike-c2ff1ade	nl	vaarregels	rule_mc	affirmative	Wat betekenen twee rode vaste lichten boven elkaar bij de invaartopening van een sluis?	Het invaren is verboden, de sluis wordt niet bediend | Het invaren is verboden, de sluis wordt bediend | Het invaren is toegestaan	A	BPR artikel 6.28a, eerste lid onder a: twee rode vaste lichten boven elkaar (teken A.1) betekenen dat het invaren verboden is en de sluis niet wordt bediend.	Binnenvaartpolitiereglement Artikel 6.28a	https://wetten.overheid.nl/BWBR0003628	2026-06-17	
q-bpr-nl-binnenvaartpolitiereglementartike-c98dc209	nl	vaarregels	rule_mc	affirmative	Wanneer mag een schip een ander schip voorbijlopen?	Slechts nadat het zich ervan heeft vergewist dat dit zonder gevaar kan geschieden | Altijd, zolang het aan bakboord van de opgelopene blijft | Slechts na toestemming van de bevoegde autoriteit	A	BPR artikel 6.09, eerste lid: een schip mag een ander schip slechts voorbijlopen nadat het zich ervan heeft vergewist dat dit zonder gevaar kan geschieden.	Binnenvaartpolitiereglement Artikel 6.09	https://wetten.overheid.nl/BWBR0003628	2026-06-17	
q-bpr-nl-binnenvaartpolitiereglementartike-d759c887	nl	vaarregels	rule_mc	affirmative	Welk geluidssein mag een zeegaand schip dat op een gevaarlijke plaats stilligt eveneens geven?	Eén korte stoot gevolgd door één lange stoot en één korte stoot | Eén lange stoot gevolgd door twee korte stoten | Vier korte stoten gevolgd door één lange stoot	A	BPR artikel 6.31, derde lid: een zeegaand schip mag eveneens één korte stoot gevolgd door één lange stoot en één korte stoot geven.	Binnenvaartpolitiereglement Artikel 6.31	https://wetten.overheid.nl/BWBR0003628	2026-06-17	
q-bpr-nl-binnenvaartpolitiereglementartike-db2652ba	nl	vaarregels	rule_mc	affirmative	Wat wordt in het BPR onder oplopen verstaan?	Naderen door een schip van een ander schip uit een richting van meer dan 22°30´ achterlijker dan dwars van dat schip | Naderen van twee schepen op koersen die recht of vrijwel recht aan elkaar tegengesteld zijn | Elkaar naderen van twee schepen onder een hoek van precies negentig graden	A	BPR artikel 6.01, eerste lid onder b: oplopen is het naderen door een schip van een ander schip uit een richting van meer dan 22°30´ achterlijker dan dwars van dat schip.	Binnenvaartpolitiereglement Artikel 6.01	https://wetten.overheid.nl/BWBR0003628	2026-06-17	
q-bpr-nl-binnenvaartpolitiereglementartike-e5cb17a5	nl	vaarregels	rule_mc	affirmative	Wat moet een klein schip doen ten opzichte van een vertrekkende, kerende of overstekende veerpont?	Voorrang verlenen aan de veerpont | Zijn koers en snelheid behouden | Medewerking verlangen van de veerpont	A	BPR artikel 6.23, derde lid: een klein schip moet voorrang verlenen aan een vertrekkende, kerende of overstekende veerpont.	Binnenvaartpolitiereglement Artikel 6.23	https://wetten.overheid.nl/BWBR0003628	2026-06-17	
q-bpr-nl-binnenvaartpolitiereglementartike-e72798f5	nl	vaarregels	rule_mc	affirmative	Hoe snel mag een snelle motorboot ten hoogste varen, tenzij de bevoegde autoriteit anders bepaalt?	Niet sneller dan 20 km per uur ten opzichte van het water | Niet sneller dan 13 km per uur ten opzichte van het water | Niet sneller dan 30 km per uur ten opzichte van het water	A	BPR artikel 8.06, eerste lid: een snelle motorboot mag niet sneller varen dan 20 km per uur ten opzichte van het water; de bevoegde autoriteit kan vaarwegen aanwijzen waar dit verbod niet geldt.	Binnenvaartpolitiereglement Artikel 8.06	https://wetten.overheid.nl/BWBR0003628	2026-06-17	
q-bpr-nl-binnenvaartpolitiereglementartike-e7ef6909	nl	vaarregels	rule_mc	affirmative	Twee schepen naderen elkaar op tegengestelde koersen zodat gevaar voor aanvaring bestaat. Wie moet voorrang verlenen?	Het schip dat niet de stuurboordszijde van het vaarwater volgt | Het schip dat de stuurboordszijde van het vaarwater volgt | Het opvarende schip, ongeacht welke zijde het volgt	A	BPR artikel 6.04, tweede lid: het schip dat niet de stuurboordszijde van het vaarwater volgt verleent voorrang aan het schip dat die zijde wel volgt.	Binnenvaartpolitiereglement Artikel 6.04	https://wetten.overheid.nl/BWBR0003628	2026-06-17	
q-bpr-nl-binnenvaartpolitiereglementartike-ef283c51	nl	vaarregels	rule_mc	affirmative	Welk geluidssein moet een op een gevaarlijke plaats stilliggend schip geven wanneer het het geluidssein van een naderend schip hoort?	Eén reeks klokslagen, herhaald met tussenpozen van ten hoogste één minuut | Eén lange stoot, herhaald met tussenpozen van ten hoogste twee minuten | Drie korte stoten, eenmalig	A	BPR artikel 6.31, eerste lid: het schip geeft per marifoon zijn positie op of als geluidssein één reeks klokslagen, te herhalen met tussenpozen van ten hoogste één minuut.	Binnenvaartpolitiereglement Artikel 6.31	https://wetten.overheid.nl/BWBR0003628	2026-06-17	
q-bpr-nl-binnenvaartpolitiereglementartike-f12abd5a	nl	vaarregels	rule_mc	affirmative	Welke veiligheidsuitrusting moet aan boord van een snelle motorboot aanwezig zijn?	Een reddingsvest onder handbereik voor ieder der opvarenden en een deugdelijk brandblusapparaat | Uitsluitend een deugdelijk brandblusapparaat | Uitsluitend een reddingsvest voor de bestuurder	A	BPR artikel 8.03 onder e en f: aan boord moet een reddingsvest onder handbereik voor ieder der opvarenden aanwezig zijn en een deugdelijk brandblusapparaat.	Binnenvaartpolitiereglement Artikel 8.03	https://wetten.overheid.nl/BWBR0003628	2026-06-17	
q-bpr-nl-binnenvaartpolitiereglementartike-f466a47c	nl	vaarregels	rule_mc	affirmative	Waarvoor moet de schipper van een snelle motorboot volgens artikel 8.07 zorg dragen?	Dat aan boord niet in strijd met de artikelen 8.05 en 8.06 wordt gehandeld | Dat het registratiebewijs jaarlijks wordt vernieuwd | Dat de boot uitsluitend overdag vaart	A	BPR artikel 8.07: de schipper van een snelle motorboot moet er zorg voor dragen dat niet in strijd met de artikelen 8.05 en 8.06 wordt gehandeld.	Binnenvaartpolitiereglement Artikel 8.07	https://wetten.overheid.nl/BWBR0003628	2026-06-17	
q-bpr-nl-binnenvaartpolitiereglementartike-f9b176dd	nl	vaarregels	rule_mc	affirmative	Wie verleent voorrang bij het doorvaren van een engte op een vaarweg waar stroom loopt?	Het tegen stroom varende schip verleent voorrang aan het voor stroom varende schip | Het voor stroom varende schip verleent voorrang aan het tegen stroom varende schip | Het kleinste schip verleent altijd voorrang	A	BPR artikel 6.07, vijfde lid: bij het doorvaren van een engte op een vaarweg waar stroom loopt verleent een tegen stroom varend schip voorrang aan een voor stroom varend schip.	Binnenvaartpolitiereglement Artikel 6.07	https://wetten.overheid.nl/BWBR0003628	2026-06-17	
q-bpr-nl-binnenvaartpolitiereglementartike-f9bf965e	nl	vaarregels	rule_mc	affirmative	Wat wordt in het BPR onder een engte verstaan?	Een vak van of een plaats in de vaarweg waar het vaarwater niet voldoende ruimte biedt voor het elkaar voorbijvaren van twee schepen | Elk vaarwater smaller dan honderd meter | Elke bocht in een rivier waar het uitzicht niet vrij is	A	BPR artikel 6.07, eerste lid: een engte is een vak van of plaats in de vaarweg waar het vaarwater niet voldoende ruimte biedt voor het elkaar voorbijvaren van twee schepen of twee samenstellen.	Binnenvaartpolitiereglement Artikel 6.07	https://wetten.overheid.nl/BWBR0003628	2026-06-17	
q-bpr-nl-binnenvaartpolitiereglementartike-fe17d199	nl	vaarregels	rule_mc	affirmative	Wat is een snel schip volgens het BPR verplicht ten opzichte van andere schepen?	Aan andere schepen voorrang te verlenen | Zijn koers en snelheid te behouden | Uitsluitend aan grote schepen voorrang te verlenen	A	BPR artikel 6.02: een snel schip is verplicht aan andere schepen voorrang te verlenen.	Binnenvaartpolitiereglement Artikel 6.02	https://wetten.overheid.nl/BWBR0003628	2026-06-17	
q-bpr-nl-binnenvaartpolitiereglementartike-fe9ab67f	nl	vaarregels	rule_mc	affirmative	Wat is de doorvaartopening van een brug waar het vaarwater niet voldoende ruimte biedt voor het elkaar voorbijvaren van twee schepen?	Een engte zoals bedoeld in artikel 6.07 | Een nevenvaarwater | Een wachtplaats	A	BPR artikel 6.24, eerste lid: zo'n doorvaartopening van een brug, stuw of aan beide zijden openstaande sluis is een engte zoals bedoeld in artikel 6.07.	Binnenvaartpolitiereglement Artikel 6.24	https://wetten.overheid.nl/BWBR0003628	2026-06-17	
q-rpr-nl-rijnvaartpolitiereglement1995arti-03b66f32	nl	vaarregels	rule_mc	affirmative	Waarvan moeten alle schepen op de Rijn bij slecht zicht gebruik maken?	Van radar | Van een tweede uitkijk op het voorschip | Van het ankerlicht	A	RPR artikel 6.30, eerste lid: bij slecht zicht moeten alle schepen gebruik maken van radar.	Rijnvaartpolitiereglement 1995 Artikel 6.30	https://wetten.overheid.nl/BWBR0006923	2026-06-17	
q-rpr-nl-rijnvaartpolitiereglement1995arti-156500dc	nl	vaarregels	rule_mc	affirmative	Wat betekent het teken D.2 bij de doorvaartopening van een brug of stuw op de Rijn?	Het wordt aanbevolen in die opening uitsluitend te varen binnen de begrenzing die de twee borden aanduiden | Het varen in die opening is geheel verboden | De opening mag uitsluitend door kleine schepen worden gebruikt	A	RPR artikel 6.24, tweede lid onder b: bij het teken D.2 wordt aanbevolen in die opening uitsluitend te varen binnen de begrenzing die door de twee borden wordt aangeduid.	Rijnvaartpolitiereglement 1995 Artikel 6.24	https://wetten.overheid.nl/BWBR0006923	2026-06-17	
q-rpr-nl-rijnvaartpolitiereglement1995arti-160b24c0	nl	vaarregels	rule_mc	affirmative	Bij welk teken langs de vaarweg moet een schip zijn snelheid verminderen om hinderlijke waterbeweging te vermijden?	Bij het teken A.9 | Bij het teken A.2 | Bij het teken E.8	A	RPR artikel 6.20, eerste lid onder e: de snelheid moet worden verminderd in een vak van de vaarweg aangeduid door het teken A.9.	Rijnvaartpolitiereglement 1995 Artikel 6.20	https://wetten.overheid.nl/BWBR0006923	2026-06-17	
q-rpr-nl-rijnvaartpolitiereglement1995arti-20c9e19d	nl	vaarregels	rule_mc	affirmative	Binnen welke afstand mag een schip op de Rijn, behalve bij voorbijlopen of ontmoeten, niet varen van een schip dat de tekens van artikel 3.14, tweede of derde lid voert?	Binnen een afstand van 50 m | Binnen een afstand van 10 m | Binnen een afstand van 500 m	A	RPR artikel 6.17, tweede lid: behalve bij voorbijlopen of ontmoeten mag een schip niet varen binnen een afstand van 50 m van een schip dat deze tekens voert.	Rijnvaartpolitiereglement 1995 Artikel 6.17	https://wetten.overheid.nl/BWBR0006923	2026-06-17	
q-rpr-nl-rijnvaartpolitiereglement1995arti-28cd5ba6	nl	vaarregels	rule_mc	affirmative	Welk afvarend passagiersschip mag verlangen dat de weg die een opvarend schip vrijlaat wordt gewijzigd?	Een passagiersschip in geregelde dienst waarvan het toegelaten maximum aantal passagiers niet minder dan 300 personen bedraagt | Elk passagiersschip, ongeacht het aantal passagiers | Een passagiersschip met ten hoogste twaalf passagiers	A	RPR artikel 6.05, eerste lid onder a: dit recht komt toe aan een afvarend passagiersschip in geregelde dienst met een toegelaten maximum aantal passagiers van niet minder dan 300 personen.	Rijnvaartpolitiereglement 1995 Artikel 6.05	https://wetten.overheid.nl/BWBR0006923	2026-06-17	
q-rpr-nl-rijnvaartpolitiereglement1995arti-314c0436	nl	vaarregels	rule_mc	affirmative	Welk teken toont een opvarend schip op de Rijn dat aan bakboord voor het afvarende schip de weg vrijlaat?	Geen teken | Een lichtblauw bord met een wit flikkerlicht | Een wit helder flikkerlicht zonder bord	A	RPR artikel 6.04, tweede lid: het opvarende schip dat aan bakboord voor het afvarende schip de weg vrijlaat toont geen teken.	Rijnvaartpolitiereglement 1995 Artikel 6.04	https://wetten.overheid.nl/BWBR0006923	2026-06-17	
q-rpr-nl-rijnvaartpolitiereglement1995arti-426dd783	nl	vaarregels	rule_mc	affirmative	Kan een klein schip op de Rijn verlangen afzonderlijk te worden geschut?	Nee, en het mag de sluis pas invaren op aanwijzing van het sluispersoneel | Ja, een klein schip wordt altijd afzonderlijk geschut | Ja, mits het vóór de grote schepen op de wachtplaats is aangekomen	A	RPR artikel 6.28, derde lid: een klein schip kan niet verlangen afzonderlijk te worden geschut en mag de sluis pas invaren op aanwijzing van het sluispersoneel.	Rijnvaartpolitiereglement 1995 Artikel 6.28	https://wetten.overheid.nl/BWBR0006923	2026-06-17	
q-rpr-nl-rijnvaartpolitiereglement1995arti-4317afe9	nl	vaarregels	rule_mc	affirmative	Voor welk duwstel geldt het voorbijloopverbod tussen samenstellen bij het teken A.3 niet?	Voor een duwstel waarvan de grootste lengte niet meer dan 110 m en de grootste breedte niet meer dan 12 m bedragen | Voor elk duwstel met ten hoogste twee duwbakken | Voor een duwstel dat een blauw bord voert	A	RPR artikel 6.11 onder b: het verbod geldt niet ingeval het een duwstel betreft waarvan de grootste lengte en breedte niet meer dan 110 m respectievelijk 12 m bedragen.	Rijnvaartpolitiereglement 1995 Artikel 6.11	https://wetten.overheid.nl/BWBR0006923	2026-06-17	
q-rpr-nl-rijnvaartpolitiereglement1995arti-4a31f1d1	nl	vaarregels	rule_mc	affirmative	Welk geluidssein geeft een afvarend schip op de Rijn dat wil dat het voorbijvaren stuurboord op stuurboord plaatsvindt?	Twee korte stoten | Eén korte stoot | Eén lange stoot	A	RPR artikel 6.05, tweede lid: twee korte stoten betekent dat het afvarende schip wil dat het voorbijvaren stuurboord op stuurboord plaatsvindt.	Rijnvaartpolitiereglement 1995 Artikel 6.05	https://wetten.overheid.nl/BWBR0006923	2026-06-17	
q-rpr-nl-rijnvaartpolitiereglement1995arti-53a8fbfe	nl	vaarregels	rule_mc	affirmative	Voor welk schip moet een klein motorschip op de Rijn uitwijken?	Voor een klein schip dat geen motorschip is | Voor een klein door spierkracht voortbewogen schip alleen | Voor geen enkel klein schip	A	RPR artikel 6.02a, eerste lid: een klein motorschip moet uitwijken voor een klein schip, niet zijnde een motorschip.	Rijnvaartpolitiereglement 1995 Artikel 6.02a	https://wetten.overheid.nl/BWBR0006923	2026-06-17	
q-rpr-nl-rijnvaartpolitiereglement1995arti-54c52e9c	nl	vaarregels	rule_mc	affirmative	Wat mag een naderend schip verlangen wanneer de langskabel van een veerpont het vaarwater kan versperren?	Door tijdig één lange stoot te geven het vrijmaken van het vaarwater verlangen | Door twee korte stoten te geven voorrang verlangen | Door een reeks klokslagen te geven de veerpont laten stilliggen	A	RPR artikel 6.23, tweede lid onder b: een naderend schip mag door het tijdig geven van één lange stoot het vrijmaken van het vaarwater verlangen.	Rijnvaartpolitiereglement 1995 Artikel 6.23	https://wetten.overheid.nl/BWBR0006923	2026-06-17	
q-rpr-nl-rijnvaartpolitiereglement1995arti-5a0bbb67	nl	vaarregels	rule_mc	affirmative	Wat moeten schepen die geen gebruik van radar kunnen maken en een ligplaats moeten opzoeken tijdens die vaart zoveel mogelijk aanhouden?	De zijde van de vaargeul | Het midden van de vaargeul | De zijde waar de meeste schepen liggen	A	RPR artikel 6.33 onder a: zij moeten zoveel mogelijk de zijde van de vaargeul aanhouden.	Rijnvaartpolitiereglement 1995 Artikel 6.33	https://wetten.overheid.nl/BWBR0006923	2026-06-17	
q-rpr-nl-rijnvaartpolitiereglement1995arti-5f922cfc	nl	vaarregels	rule_mc	affirmative	Wie laat bij het ontmoeten op de Rijn een geschikte weg vrij?	Het opvarende schip laat aan het afvarende schip een geschikte weg vrij | Het afvarende schip laat aan het opvarende schip een geschikte weg vrij | Het kleinste schip laat de weg vrij	A	RPR artikel 6.04, eerste lid: bij het ontmoeten moet een opvarend schip aan een afvarend schip een geschikte weg vrijlaten.	Rijnvaartpolitiereglement 1995 Artikel 6.04	https://wetten.overheid.nl/BWBR0006923	2026-06-17	
q-rpr-nl-rijnvaartpolitiereglement1995arti-6d7e9807	nl	vaarregels	rule_mc	affirmative	Twee kleine zeilschepen liggen over dezelfde boeg en hun koersen kruisen elkaar. Wie moet uitwijken?	Het loefwaartse schip wijkt uit voor het lijwaartse schip | Het lijwaartse schip wijkt uit voor het loefwaartse schip | Het schip dat over stuurboordsboeg ligt wijkt uit	A	RPR artikel 6.02a, vierde lid onder b: liggen beide kleine zeilschepen over dezelfde boeg, dan wijkt het loefwaartse schip uit voor het lijwaartse.	Rijnvaartpolitiereglement 1995 Artikel 6.02a	https://wetten.overheid.nl/BWBR0006923	2026-06-17	
q-rpr-nl-rijnvaartpolitiereglement1995arti-6e44b2f7	nl	vaarregels	rule_mc	negative	Gelden de artikelen over ontmoeten en voorbijlopen op de Rijn ook ten aanzien van alleenvarende kleine schepen?	Nee, die artikelen zijn niet van toepassing op of ten aanzien van deze kleine schepen | Ja, zij gelden onverkort voor alle schepen | Ja, maar uitsluitend bij slecht zicht	A	RPR artikel 6.02, tweede lid: onder meer de artikelen 6.04, 6.05, 6.07, 6.10, 6.11 en 6.12 zijn niet van toepassing op of ten aanzien van deze kleine schepen.	Rijnvaartpolitiereglement 1995 Artikel 6.02	https://wetten.overheid.nl/BWBR0006923	2026-06-17	
q-rpr-nl-rijnvaartpolitiereglement1995arti-6e7b71ca	nl	vaarregels	rule_mc	affirmative	Hoe lang mag een niet-vrijvarende veerpont zich in het vaarwater bevinden?	Niet langer dan voor het uitoefenen van de dienst nodig is | Zolang er passagiers aan boord zijn | Zolang de langskabel gespannen staat	A	RPR artikel 6.23, tweede lid onder c: de veerpont mag zich niet langer in het vaarwater bevinden dan voor het uitoefenen van de dienst nodig is.	Rijnvaartpolitiereglement 1995 Artikel 6.23	https://wetten.overheid.nl/BWBR0006923	2026-06-17	
q-rpr-nl-rijnvaartpolitiereglement1995arti-8623f945	nl	vaarregels	rule_mc	affirmative	Wat betekenen de tekens B.1, B.2, B.3 en B.4 in een vak van de vaarweg?	Een schip moet de weg volgen die door dat teken kenbaar wordt gemaakt | Een schip mag daar niet keren | Een schip moet daar zijn snelheid verminderen	A	RPR artikel 6.12: in een vak aangeduid door één der tekens B.1, B.2 a, B.2 b, B.3 a, B.3 b, B.4 a of B.4 b moet een schip de weg volgen die door dat teken kenbaar wordt gemaakt.	Rijnvaartpolitiereglement 1995 Artikel 6.12	https://wetten.overheid.nl/BWBR0006923	2026-06-17	
q-rpr-nl-rijnvaartpolitiereglement1995arti-8d1757a6	nl	vaarregels	rule_mc	affirmative	Onder welke voorwaarde mag een klein schip op de Rijn bij slecht zicht varen?	Slechts indien het uitluistert op kanaal 10 of op het daartoe aangewezen andere kanaal | Slechts indien het een mistsein geeft met tussenpozen van één minuut | Slechts indien het binnen honderd meter van de oever blijft	A	RPR artikel 6.30, vierde lid: een klein schip mag bij slecht zicht slechts varen indien het op kanaal 10 of op het daartoe aangewezen andere kanaal uitluistert.	Rijnvaartpolitiereglement 1995 Artikel 6.30	https://wetten.overheid.nl/BWBR0006923	2026-06-17	
q-rpr-nl-rijnvaartpolitiereglement1995arti-90b8cd54	nl	vaarregels	rule_mc	affirmative	Wat betekent het teken A.2 in een vak van de vaarweg?	In dat vak is voorbijlopen verboden | In dat vak is keren verboden | In dat vak is ligplaats nemen verboden	A	RPR artikel 6.11 onder a: voorbijlopen is verboden in een vak van de vaarweg aangeduid door het teken A.2.	Rijnvaartpolitiereglement 1995 Artikel 6.11	https://wetten.overheid.nl/BWBR0006923	2026-06-17	
q-rpr-nl-rijnvaartpolitiereglement1995arti-93702dfa	nl	vaarregels	rule_mc	affirmative	Wat moet een persoon die waterskiet in acht nemen ten opzichte van een varend schip?	Voldoende afstand houden van een varend schip of drijvend voorwerp | Zich in het kielzog van het schip laten meevoeren | Uitsluitend aan bakboord van het schip blijven	A	RPR artikel 6.17, vierde lid: wie waterskiet of watersport bedrijft zonder schip moet voldoende afstand houden van een varend schip of drijvend voorwerp.	Rijnvaartpolitiereglement 1995 Artikel 6.17	https://wetten.overheid.nl/BWBR0006923	2026-06-17	
q-rpr-nl-rijnvaartpolitiereglement1995arti-97fea84f	nl	vaarregels	rule_mc	affirmative	Welk geluidssein moet een schip geven alvorens een engte binnen te varen indien het uitzicht beperkt is?	Eén lange stoot | Twee korte stoten | Een reeks klokslagen	A	RPR artikel 6.07, eerste lid onder b: bij beperkt uitzicht moet een schip alvorens een engte binnen te varen één lange stoot geven en dit sein zo nodig herhalen.	Rijnvaartpolitiereglement 1995 Artikel 6.07	https://wetten.overheid.nl/BWBR0006923	2026-06-17	
q-rpr-nl-rijnvaartpolitiereglement1995arti-99099fc5	nl	vaarregels	rule_mc	affirmative	Welk geluidssein geeft een schip op de Rijn dat vóór het invaren of na het uitvaren bakboord uit zal gaan?	Drie lange stoten gevolgd door twee korte stoten | Drie lange stoten gevolgd door één korte stoot | Twee lange stoten gevolgd door twee korte stoten	A	RPR artikel 6.16, tweede lid: drie lange stoten gevolgd door twee korte stoten betekent dat het schip bakboord uit zal gaan.	Rijnvaartpolitiereglement 1995 Artikel 6.16	https://wetten.overheid.nl/BWBR0006923	2026-06-17	
q-rpr-nl-rijnvaartpolitiereglement1995arti-9e27b5f6	nl	vaarregels	rule_mc	affirmative	Welke zijwaartse afstand moet een schip in een sluis in acht nemen ten opzichte van een schip dat het teken van artikel 3.14, eerste lid voert?	Ten minste 10 m | Ten minste 50 m | Ten minste 100 m	A	RPR artikel 6.28, achtste lid: op de wachtplaats en in een sluis geldt een zijwaartse afstand van ten minste 10 m ten opzichte van een schip dat het teken van artikel 3.14, eerste lid voert.	Rijnvaartpolitiereglement 1995 Artikel 6.28	https://wetten.overheid.nl/BWBR0006923	2026-06-17	
q-rpr-nl-rijnvaartpolitiereglement1995arti-a42d0321	nl	vaarregels	rule_mc	affirmative	Wat moet een opvarend schip op de Rijn doen als het constateert dat een afvarend schip op het punt staat een engte binnen te varen?	Beneden de engte stilhouden totdat het afvarende schip deze is doorgevaren | Zo snel mogelijk de engte binnenvaren om als eerste door te zijn | Twee korte stoten geven en zijn koers behouden	A	RPR artikel 6.07, eerste lid onder c: het opvarende schip moet beneden de engte stilhouden totdat het afvarende schip deze is doorgevaren.	Rijnvaartpolitiereglement 1995 Artikel 6.07	https://wetten.overheid.nl/BWBR0006923	2026-06-17	
q-rpr-nl-rijnvaartpolitiereglement1995arti-a6eae3dd	nl	vaarregels	rule_mc	affirmative	Ten opzichte van welk schip geldt op de Rijn de verplichting om snelheid te verminderen bij een gemeerd of stilliggend schip niet?	Ten opzichte van een klein schip | Ten opzichte van een passagiersschip | Ten opzichte van een veerpont	A	RPR artikel 6.20, tweede lid: het eerste lid onder b en c geldt niet ten opzichte van een klein schip.	Rijnvaartpolitiereglement 1995 Artikel 6.20	https://wetten.overheid.nl/BWBR0006923	2026-06-17	
q-rpr-nl-rijnvaartpolitiereglement1995arti-c2ad291b	nl	vaarregels	rule_mc	affirmative	Welke schepen hebben op de Rijn recht op schutting bij voorrang?	Schepen van de bevoegde autoriteit en brandweer-, politie- en douaneboten die om spoedeisende redenen van dienstvervulling onderweg zijn | Alle passagiersschepen in geregelde dienst | Alle duwstellen met een lengte van meer dan 110 m	A	RPR artikel 6.29: recht op schutting bij voorrang hebben schepen van de bevoegde autoriteit en brandweer-, politie- en douaneboten die om spoedeisende redenen onderweg zijn, en schepen waaraan de bevoegde autoriteit dat recht uitdrukkelijk heeft verleend.	Rijnvaartpolitiereglement 1995 Artikel 6.29	https://wetten.overheid.nl/BWBR0006923	2026-06-17	
q-rpr-nl-rijnvaartpolitiereglement1995arti-c3ca587b	nl	vaarregels	rule_mc	affirmative	Welk geluidssein geeft een schip op de Rijn dat na het uitvaren van een haven de vaarweg zal oversteken?	Drie lange stoten | Drie lange stoten gevolgd door één korte stoot | Drie lange stoten gevolgd door twee korte stoten	A	RPR artikel 6.16, tweede lid: drie lange stoten betekent dat het schip na het uitvaren de vaarweg zal oversteken.	Rijnvaartpolitiereglement 1995 Artikel 6.16	https://wetten.overheid.nl/BWBR0006923	2026-06-17	
q-rpr-nl-rijnvaartpolitiereglement1995arti-f2bc0566	nl	vaarregels	rule_mc	affirmative	Waartoe is een alleenvarend klein schip op de Rijn verplicht ten opzichte van een ander schip?	De ruimte laten die dit nodig heeft om zijn koers te volgen en om te manoeuvreren | Zijn koers en snelheid onveranderd behouden | Steeds achter het andere schip blijven varen	A	RPR artikel 6.02, eerste lid: een alleenvarend klein schip moet aan een ander schip, met inbegrip van een snel schip, de ruimte laten die dit nodig heeft om zijn koers te volgen en om te manoeuvreren.	Rijnvaartpolitiereglement 1995 Artikel 6.02	https://wetten.overheid.nl/BWBR0006923	2026-06-17	
q-rpr-nl-rijnvaartpolitiereglement1995arti-fbc53170	nl	vaarregels	rule_mc	affirmative	Wat moet zo'n schip doen als het het mistsein hoort van een schip waarmee geen marifooncontact tot stand komt en het zich niet in de nabijheid van een oever bevindt?	De vaargeul zoveel mogelijk en zo snel mogelijk vrijmaken | De vaart met onverminderde snelheid voortzetten | Onmiddellijk het anker laten vallen midden in de vaargeul	A	RPR artikel 6.33 onder d: bevindt het schip zich niet in de nabijheid van een oever, dan moet het de vaargeul zoveel mogelijk en zo snel mogelijk vrijmaken.	Rijnvaartpolitiereglement 1995 Artikel 6.33	https://wetten.overheid.nl/BWBR0006923	2026-06-17	
